date,sp2_nav,ivv_nav
2001-01-03,1.0236646242619447,1.0497818699149444
2001-01-04,1.0132080642486754,1.03788271326116
2001-01-05,1.0067470139293402,1.0078922201959284
2001-01-08,0.9846654450761558,1.0094707017822495
2001-01-09,0.969057985547852,1.0097139133539763
2001-01-10,0.9641670744098094,1.0239196844238334
2001-01-11,0.9897779418870198,1.0293831681447096
2001-01-12,0.9857421961550304,1.0267122526441632
2001-01-16,0.9994039881815684,1.0309621190702278
2001-01-17,0.982798071403326,1.03606130170663
2001-01-18,0.9871963911281736,1.0478391811119885
2001-01-19,0.9818120621693764,1.0441964518707672
2001-01-22,0.9720943226868533,1.0452897305955464
2001-01-23,0.9915548412039898,1.0562169796408163
2001-01-24,0.9862229179323452,1.06107323230901
2001-01-25,0.9868448427413008,1.055367100223443
2001-01-26,0.9634535489095132,1.0550027052711295
2001-01-29,0.9561727758681248,1.0607094005637323
2001-01-30,0.987498455164509,1.0705781019847789
2001-01-31,0.9965776636111308,1.063817834063437
2001-02-01,0.995733174440074,1.0706559184235904
2001-02-02,0.9833083184196596,1.0489752635715055
2001-02-05,1.0091827828669109,1.052239329948834
2001-02-06,1.0114780244128376,1.0524722160582336
2001-02-07,1.0214339342120955,1.0450898859655935
2001-02-08,1.0040330796949195,1.0354540706539466
2001-02-09,0.9631718376824864,1.0249635886651198
2001-02-12,0.9800935971653114,1.0349881106994687
2001-02-13,0.9718386730816112,1.0292378607294126
2001-02-14,0.963646686875294,1.0248083312588534
2001-02-15,0.9856514583541988,1.0335113818509905
2001-02-16,0.9631356212495034,1.013696538041443
2001-02-20,0.959094671811539,0.9974552428755242
2001-02-21,0.9578882202156402,0.976940614323706
2001-02-22,0.9472593704477682,0.9748422926431262
2001-02-23,0.9498218575305531,0.9694027452212814
2001-02-26,0.9916348000536804,0.9864983315930228
2001-02-27,0.990354058479132,0.983079289412946
2001-02-28,0.9712164453819162,0.9641188306770604
2001-03-01,0.967732843049189,0.967771040570055
2001-03-02,0.9319932011654914,0.9606993191577872
2001-03-05,0.9452147128204348,0.9678482938018308
2001-03-06,0.9648432833309268,0.9793496385524972
2001-03-07,0.9808650018443484,0.9833902735646756
2001-03-08,0.9682084610967012,0.9862651638801052
2001-03-09,0.9255114726151344,0.9594563212292624
2001-03-12,0.8421370568118614,0.9170461743411128
2001-03-13,0.8895790091002262,0.9321507299726388
2001-03-14,0.8740393511121473,0.909881993107096
2001-03-15,0.872086543301389,0.9140866152345992
2001-03-16,0.8738818425422205,0.897269253138658
2001-03-19,0.8772890130448503,0.913463520517068
2001-03-20,0.852982039898203,0.8911178120232678
2001-03-21,0.8206972252912871,0.8758564971000461
2001-03-22,0.8380663544440695,0.8697839049697005
2001-03-23,0.8832477274633456,0.8910395262452594
2001-03-26,0.8818516578629453,0.901551034630098
2001-03-27,0.9174517329272296,0.920938498167136
2001-03-28,0.8921223738452779,0.8978915030456353
2001-03-29,0.889005805495992,0.8980472297910983
2001-03-30,0.8884903289549901,0.90879256296373
2001-04-02,0.8968172815109645,0.8895601690972799
2001-04-03,0.854469711834484,0.8590390411362658
2001-04-04,0.8421370568118614,0.861218652365713
2001-04-05,0.907537656174785,0.895322340282932
2001-04-06,0.8930033455417036,0.8827086616361007
2001-04-09,0.9096481277838796,0.885044562818047
2001-04-10,0.9496012386063216,0.9096487315263392
2001-04-11,0.9464237477137508,0.9101936343337008
2001-04-12,0.9789443752689792,0.9231963951745916
2001-04-16,0.9673146823064234,0.917590889412796
2001-04-17,0.9815699475130149,0.9274785521373886
2001-04-18,1.0393330371097118,0.9673431909583484
2001-04-19,1.066852817124071,0.9772314168899772
2001-04-20,1.0700824720792657,0.9720928097610528
2001-04-23,1.0543765316993476,0.9528611668373174
2001-04-24,1.0357208647263445,0.94608747581495
2001-04-25,1.072454502977517,0.9590901427880012
2001-04-26,1.0840831787233578,0.9633723936186378
2001-04-27,1.0750690542689263,0.9789448804292676
2001-04-30,1.064755234611105,0.974817699269219
2001-05-01,1.0881661435043966,0.9902345532022252
2001-05-02,1.0869483816975611,0.988443930298998
2001-05-03,1.0706540231025394,0.9765310689406704
2001-05-04,1.1038125067464373,0.9907795498774264
2001-05-07,1.1091627155320114,0.9826041304102128
2001-05-08,1.1094021793239677,0.9837719401994268
2001-05-09,1.0956191847072665,0.9798790531663676
2001-05-10,1.0967488187506438,0.9829934003399508
2001-05-11,1.0831042408024614,0.9745066212496504
2001-05-14,1.0854569797187834,0.9759860722654692
2001-05-15,1.0864041646674778,0.9757526229490336
2001-05-16,1.115758448583489,1.0040156661669133
2001-05-17,1.106779897080255,1.0072083929863442
2001-05-18,1.11564806423952,1.0104785607732296
2001-05-21,1.1256610401587,1.0251941280785355
2001-05-22,1.130009697991337,1.0223130424857094
2001-05-23,1.1107758090322628,1.00736374426045
2001-05-24,1.1274311739733751,1.010400556598739
2001-05-25,1.1053050818318242,0.9979426985652105
2001-05-29,1.0977333612199558,0.9902345532022252
2001-05-30,1.0815369160762718,0.9756746187745432
2001-05-31,1.0812404850555737,0.978944880429268
2001-06-01,1.0904950331477872,0.9879767500626088
2001-06-04,1.098866889771752,0.989456294946267
2001-06-05,1.110469406844624,1.003236844703919
2001-06-06,1.1039098420569269,0.9931933613660238
2001-06-07,1.11616863904253,0.9976310573386054
2001-06-08,1.1039419190163948,0.9900012916214682
2001-06-11,1.0874113895641828,0.9819748404152852
2001-06-12,1.101892542092053,0.9805691695211868
2001-06-13,1.080864354441281,0.9725269485179948
2001-06-14,1.077494646239343,0.9494948783829492
2001-06-15,1.069934447224922,0.9512904762816612
2001-06-18,1.062891373677975,0.9443414401354092
2001-06-19,1.0649976502241894,0.947464892489408
2001-06-20,1.1021970063808135,0.9547260392014616
2001-06-21,1.110812215437052,0.9656564797532692
2001-06-22,1.1093440528658858,0.9594099505166288
2001-06-25,1.092111334096571,0.9537887688256635
2001-06-26,1.086631198878972,0.9487921837376586
2001-06-27,1.0888832139061304,0.947152406452249
2001-06-28,1.108237184837184,0.9588639212951948
2001-06-29,1.1117158643016305,0.9579269325229148
2001-07-02,1.1055327636116803,0.9674522653876598
2001-07-03,1.0970414389285137,0.9681553355043075
2001-07-05,1.071867995512888,0.9525396694875818
2001-07-06,1.035198420550026,0.9280238304161076
2001-07-09,1.031813153431244,0.9344259925303716
2001-07-10,1.0103468769580797,0.9238073809408476
2001-07-11,1.0139987804093589,0.9234951765072068
2001-07-12,1.0805878529262185,0.9461372257697996
2001-07-13,1.083390675110624,0.952539669487582
2001-07-16,1.068783618699443,0.9426239402790269
2001-07-17,1.072697010318049,0.9501971036890426
2001-07-18,1.063158658452393,0.9438733212206264
2001-07-19,1.0826905123006254,0.94777690918737
2001-07-20,1.0572716584575044,0.946683912066109
2001-07-23,1.0261834999557409,0.9291167336695296
2001-07-24,1.0059517776956088,0.918732416206995
2001-07-25,1.0130383658191089,0.9310682460493834
2001-07-26,1.0053966464965214,0.9429363324483464
2001-07-27,1.0062150501109275,0.9435607413156284
2001-07-30,0.9974680313221662,0.9429363324483464
2001-07-31,0.999495683111051,0.9470744961455978
2001-08-01,0.9941429722995568,0.9532421763971936
2001-08-02,0.9954585253751068,0.9562875307088624
2001-08-03,0.9969520393633038,0.95199335866263
2001-08-06,0.9761494183769472,0.9395788675708756
2001-08-07,0.9928606055196012,0.9434046390988076
2001-08-08,0.9688351677938316,0.9255248807972296
2001-08-09,0.9727415866974226,0.9273988583417896
2001-08-10,0.9840713977205702,0.9331767993244506
2001-08-13,0.982859839815424,0.9330984196786026
2001-08-14,0.9696467534674428,0.9314588301288717
2001-08-15,0.9570009703990564,0.922558093867087
2001-08-16,0.96637855265749,0.9257590810563796
2001-08-17,0.9358493149266548,0.911861665838751
2001-08-20,0.9503028502113712,0.9169366305726038
2001-08-21,0.923497173633822,0.905694173322834
2001-08-22,0.9266580328303938,0.9138134598221228
2001-08-23,0.916431187817802,0.9108460158171052
2001-08-24,0.9501023445775192,0.926696351432178
2001-08-27,0.9541273801355944,0.9241194915066488
2001-08-28,0.9314146180052272,0.91076866871749
2001-08-29,0.9207860243637864,0.9017112670318488
2001-08-30,0.8899359335303025,0.8836754065134507
2001-08-31,0.8984001289159887,0.8918738236013024
2001-09-04,0.8900624387110905,0.8860181600476689
2001-09-05,0.9125749498776043,0.8865644708726208
2001-09-06,0.8858477670014602,0.8679822056614312
2001-09-07,0.8717978180272645,0.8493997527145631
2001-09-10,0.8858297163662179,0.8592377593521457
2001-09-17,0.8030548654231543,0.8151239111799967
2001-09-18,0.8002143031990515,0.8088783206217496
2001-09-19,0.7819930729717188,0.7967757523601181
2001-09-20,0.7340978531898031,0.773352910409905
2001-09-21,0.7358003081713457,0.7592991113719376
2001-09-24,0.7964165536676631,0.7859233629167206
2001-09-25,0.7940036476846161,0.7944339375042935
2001-09-26,0.7873104212950037,0.790529880198353
2001-09-27,0.7899541659530713,0.7983378070745553
2001-09-28,0.8132161338515379,0.8151239111799966
2001-10-01,0.822952667742215,0.816997982592396
2001-10-02,0.8374678659313235,0.8268965339863521
2001-10-03,0.8639261756283253,0.841394891111428
2001-10-04,0.8573278279615403,0.8423352591259241
2001-10-05,0.868192336517884,0.840219384159388
2001-10-08,0.8636689900566071,0.834655086379062
2001-10-09,0.8361236977265755,0.8303450506679813
2001-10-10,0.8555691544795895,0.8482916428711683
2001-10-11,0.873353757021695,0.8618498197174267
2001-10-12,0.8743767924086459,0.8579311190285493
2001-10-15,0.8862554876586044,0.8555804805958268
2001-10-16,0.8851208124766886,0.8614581092238657
2001-10-17,0.8514437208628858,0.8457055838973839
2001-10-18,0.8582767390607471,0.8415515565352842
2001-10-19,0.8674512196862965,0.8407681355481625
2001-10-22,0.8894004213479804,0.8576177881808362
2001-10-23,0.8878525900020824,0.8513481674557184
2001-10-24,0.8928846182743468,0.8514271103086023
2001-10-25,0.9113780885872296,0.862477513959085
2001-10-26,0.91950163819438,0.867727917684662
2001-10-29,0.8832924747287646,0.8423352591259238
2001-10-30,0.8653624007216045,0.831912080377903
2001-10-31,0.8603007514401163,0.8296390706483137
2001-11-01,0.9060690568431928,0.849624002982743
2001-11-02,0.9031033509096092,0.8555804805958265
2001-11-05,0.9268400189180804,0.8667091700243177
2001-11-06,0.9500998965469456,0.8798750731699793
2001-11-07,0.9409728467673716,0.8783081373278965
2001-11-08,0.9532156799388098,0.8790913705793395
2001-11-09,0.9601715087863822,0.8824613198794421
2001-11-12,0.954129573373616,0.8777594798069611
2001-11-13,0.9832648436666824,0.8962550111346015
2001-11-14,0.9711919730249992,0.8978221347123628
2001-11-15,0.9798420961435748,0.9003304711151745
2001-11-16,0.9692697979608584,0.8955495943219702
2001-11-19,0.9799271601458074,0.9066783776183008
2001-11-20,0.9691993937073046,0.899311066379955
2001-11-21,0.951352802160751,0.8923364981814027
2001-11-23,0.9628237799538644,0.9066783776183008
2001-11-26,0.9695199810662416,0.9089511996122114
2001-11-27,0.9556295412792364,0.9044841230059169
2001-11-28,0.9294049994367296,0.8873991437000207
2001-11-29,0.9498163791029778,0.8960203415362543
2001-11-30,0.9313998136089562,0.8940607565222174
2001-12-03,0.9186660965329848,0.8881043727769732
2001-12-04,0.933160240156128,0.9026029176377276
2001-12-05,0.9520909408605396,0.9204716934021028
2001-12-06,0.9586564420506763,0.9192957171108664
2001-12-07,0.9455821940764716,0.912242487662948
2001-12-10,0.9356287750042126,0.8962550111346014
2001-12-11,0.9375942751250445,0.8931202007720425
2001-12-12,0.9454508180511544,0.8953928350302743
2001-12-13,0.932048024553236,0.8782292883428516
2001-12-14,0.9479143310292556,0.8852045136162792
2001-12-17,0.9672772582581356,0.8949518439210605
2001-12-18,0.985049273852068,0.9006116991618334
2001-12-19,0.9983445674088288,0.9065855423251946
2001-12-20,0.9772183709379824,0.8975463510003853
2001-12-21,0.9889934766546494,0.9027342387449626
2001-12-24,0.9850975177147152,0.9011617647003588
2001-12-26,0.981401011255065,0.9063504972554904
2001-12-27,0.9890994357396858,0.911538478867907
2001-12-28,0.986853304469994,0.9121675811271556
2001-12-31,0.966821212493661,0.8987251433268021
2002-01-02,0.982637190505219,0.907529289581907
2002-01-03,0.9963912404494674,0.9179839140561064
2002-01-04,0.9974763943550928,0.9244295369799844
2002-01-07,0.9773767450135308,0.9174341301210988
2002-01-08,0.97943515124594,0.9136608307153574
2002-01-09,0.9697157973080276,0.9089438779207428
2002-01-10,0.9749192868624114,0.9127172711943236
2002-01-11,0.9654185904623724,0.9037560840440048
2002-01-14,0.9606928819136872,0.8978604327908128
2002-01-15,0.978166803036468,0.9047776477395292
2002-01-16,0.9539381785195524,0.8866978570723203
2002-01-17,0.9810775757035748,0.8935368801108673
2002-01-18,0.9503150226980464,0.8887418292739229
2002-01-22,0.9330761756400886,0.8834753741478188
2002-01-23,0.9202240256623268,0.8882700495134058
2002-01-24,0.9259913683796128,0.892907965587297
2002-01-25,0.927373394513334,0.8927508308242439
2002-01-28,0.9263298203264092,0.8925152225475035
2002-01-29,0.8958821824248262,0.8666529431885533
2002-01-30,0.9047035961132588,0.8791517276000339
2002-01-31,0.9145167982233764,0.8893702744582962
2002-02-01,0.9028596305496986,0.8842613295666027
2002-02-04,0.8703432402845538,0.8633515174111681
2002-02-05,0.8838144586789061,0.8583205766939653
2002-02-06,0.8860326013439247,0.8543900486573314
2002-02-07,0.8838707102226554,0.8491234996633881
2002-02-08,0.8911983745505072,0.8658668000340909
2002-02-11,0.901042207775566,0.8767931104009677
2002-02-12,0.8898633420632205,0.8731774150974762
2002-02-13,0.9098273309327424,0.8823743982602141
2002-02-14,0.9076170142598968,0.8804095566471741
2002-02-15,0.886316811507471,0.8708979284869726
2002-02-19,0.8681813440773452,0.8550195263879374
2002-02-20,0.8887142300423272,0.8689327114025752
2002-02-21,0.8734085432517226,0.8506958798401526
2002-02-22,0.8791629784158781,0.8617793249700826
2002-02-25,0.8999970328596474,0.8757718283089616
2002-02-26,0.8908479962125347,0.8741207868828312
2002-02-27,0.8915491951730656,0.8775010616452611
2002-02-28,0.8884034524362782,0.8728630517035305
2002-03-01,0.9230135743712796,0.894244362015964
2002-03-04,0.946650578268018,0.9092588045217246
2002-03-05,0.9481912994329532,0.9071361710707562
2002-03-06,0.9641149965240886,0.9175911710163128
2002-03-07,0.9502632395158676,0.9153112150666124
2002-03-08,0.9562305128349492,0.9190060409586668
2002-03-11,0.9653844539009884,0.9211573041006336
2002-03-12,0.950475121803654,0.9214729816443298
2002-03-13,0.9348796310440596,0.9117794376114896
2002-03-14,0.9323638465715384,0.9107550578807851
2002-03-15,0.9400783230987826,0.919817903901108
2002-03-18,0.934100330225924,0.919660299798858
2002-03-19,0.9348183352332348,0.9258858026394866
2002-03-20,0.9057401522679136,0.909888094516652
2002-03-21,0.9009607226711172,0.90839062087568
2002-03-22,0.8983152520099402,0.9064996532521996
2002-03-25,0.879463787314489,0.8946789701121027
2002-03-26,0.8812335343317024,0.8981462603615996
2002-03-27,0.8856434159609247,0.9043717632022282
2002-03-28,0.8920351523106058,0.9022443424914536
2002-04-01,0.8914945318598013,0.9050814040676296
2002-04-02,0.8645660135892981,0.8979883746558318
2002-04-03,0.85314174409972,0.8911328308775611
2002-04-04,0.8601416131791053,0.8882956754335456
2002-04-05,0.8533173852398129,0.8873495814808497
2002-04-08,0.861451064037449,0.8881377897277778
2002-04-09,0.8381982411466686,0.8830154217350589
2002-04-10,0.8578464909454179,0.8938117251444513
2002-04-11,0.8078970678419917,0.8726133632508891
2002-04-12,0.8147944254218786,0.8781297884331524
2002-04-15,0.7942028859583603,0.8719823836348537
2002-04-16,0.824848759062323,0.8917633411543997
2002-04-17,0.8214775147396058,0.89073830434882
2002-04-18,0.8210511384660836,0.8864828997202344
2002-04-19,0.8265743924736851,0.8897929613388388
2002-04-22,0.8045010632740976,0.8756077473257972
2002-04-23,0.7910777485409084,0.8714314732857742
2002-04-24,0.7800428949544702,0.8625260436320227
2002-04-25,0.7807632577293027,0.863708309068495
2002-04-26,0.7569303297325218,0.8471589396538662
2002-04-29,0.7556929646580848,0.8425091962322183
2002-04-30,0.7635429713836062,0.8507048911527291
2002-05-01,0.7690999996291868,0.8601617943625961
2002-05-02,0.7557155263399553,0.8571675980233667
2002-05-03,0.7436505053078082,0.8481834132524099
2002-05-06,0.728131312305089,0.8318706846607542
2002-05-07,0.7313968890100904,0.8280094310895523
2002-05-08,0.7994449798155808,0.8589797166618024
2002-05-09,0.7617668389137524,0.848735356147722
2002-05-10,0.7360241880772803,0.8331317052144317
2002-05-13,0.7592826393994737,0.8503899645517473
2002-05-14,0.7847743168271951,0.8683578647544642
2002-05-15,0.7765960840701239,0.8627624028514778
2002-05-16,0.7962497378330272,0.8693818690138112
2002-05-17,0.8144934079327196,0.8744256696250033
2002-05-20,0.7890396151734366,0.8648901051657704
2002-05-21,0.7695760822396959,0.8555913692651892
2002-05-22,0.7790158532848205,0.8593740554548646
2002-05-23,0.7993470505099363,0.867963619829241
2002-05-24,0.7830563735582884,0.8570099939211165
2002-05-28,0.7695146043587341,0.8510206625642645
2002-05-29,0.7602196689427289,0.8447945026487605
2002-05-30,0.7627290296302448,0.8440855188582345
2002-05-31,0.7482682902060945,0.8438492535066187
2002-06-03,0.7250652986753108,0.8218625894982893
2002-06-04,0.7253393615603309,0.8249361980295993
2002-06-05,0.7296031694822468,0.8318706846607539
2002-06-06,0.7155725710491877,0.815006576380822
2002-06-07,0.7289063088005023,0.8134305353583234
2002-06-10,0.7232090451090281,0.81752824201682
2002-06-11,0.7156633759920192,0.8028701218291895
2002-06-12,0.7333076588866236,0.8084653959964972
2002-06-13,0.7241383239960641,0.7994820560360945
2002-06-14,0.7203861840003495,0.7996394724026658
2002-06-17,0.7382924379343921,0.8213356154482414
2002-06-18,0.7450670557619752,0.8220474152739476
2002-06-19,0.7302478587476365,0.8067815946944377
2002-06-20,0.7258564930871639,0.7980020418132395
2002-06-21,0.712287792053485,0.7848722308518038
2002-06-24,0.7270633890870969,0.7898548765656668
2002-06-25,0.7149313147447579,0.7712670262180368
2002-06-26,0.7229859803106057,0.7725326932297616
2002-06-27,0.7352465991230824,0.7840018413115347
2002-06-28,0.7311659761828212,0.7832110986329446
2002-07-01,0.7213972927851683,0.7680247371794349
2002-07-02,0.7082331986660069,0.7517306882878075
2002-07-03,0.7084370900618135,0.7565552605602239
2002-07-05,0.7517261056819459,0.7842395146807404
2002-07-08,0.7352185488233297,0.7753804557396222
2002-07-09,0.7228848043374729,0.754894363010963
2002-07-10,0.7004048606860315,0.7292674572591549
2002-07-11,0.7087930319491301,0.7359907412517972
2002-07-12,0.7174442781906513,0.7283971615867251
2002-07-15,0.7125983244231386,0.7291882328027528
2002-07-16,0.699962900507689,0.7150298649917621
2002-07-17,0.7139676760486894,0.7180355601413105
2002-07-18,0.700905206755677,0.6950186965962377
2002-07-19,0.6753412631900128,0.670735884435922
2002-07-22,0.6504094005689363,0.6493801531097084
2002-07-23,0.6087044323392463,0.6315836086477045
2002-07-24,0.6526708438230359,0.6697077499916441
2002-07-25,0.6309150542407932,0.6653574919114067
2002-07-26,0.6627394892909786,0.6782504273802709
2002-07-29,0.7161730259097984,0.7088607297886566
2002-07-30,0.7297184679288601,0.7191432475794282
2002-07-31,0.7364998288721487,0.7223861467589856
2002-08-01,0.7110962159087073,0.7000016708475384
2002-08-02,0.6778462600621485,0.6844989278415373
2002-08-05,0.6597645780882944,0.6621940049239295
2002-08-06,0.6883729673549496,0.6820467713405699
2002-08-07,0.7120331489674225,0.6954930107884167
2002-08-08,0.7396986945534999,0.718747172231338
2002-08-09,0.7399925946049419,0.7217532428522436
2002-08-12,0.7404882218178789,0.7174029847720061
2002-08-13,0.7143618782850472,0.7020585968109696
2002-08-14,0.7445421663543025,0.7296627816645299
2002-08-15,0.7498947535699902,0.7401035136985071
2002-08-16,0.7420923784008302,0.7370980062846374
2002-08-19,0.772764465364174,0.7546575344523109
2002-08-20,0.7580825093230772,0.7457196265261481
2002-08-21,0.7672049812336426,0.7569511012387153
2002-08-22,0.778777235459299,0.765177068537413
2002-08-23,0.7661607305895011,0.747538691384695
2002-08-26,0.7630580055219186,0.7535502224855507
2002-08-27,0.7529114691052928,0.7427929680973231
2002-08-28,0.7346796555954319,0.7287927675956183
2002-08-29,0.7308569613664274,0.728713871676654
2002-08-30,0.7180538746814883,0.7257870255121502
2002-09-03,0.6825356615296081,0.6973915347729637
2002-09-04,0.6937235935042286,0.7080695177708696
2002-09-05,0.669107622899444,0.6990523853883047
2002-09-06,0.6859847974503607,0.709730603055809
2002-09-09,0.6980915244648386,0.7186681824445341
2002-09-10,0.7093554880414753,0.725470737827498
2002-09-11,0.7000581307519669,0.721515804152636
2002-09-12,0.6775965465914439,0.708227591212316
2002-09-13,0.6707615843291168,0.7078320321373424
2002-09-16,0.6806422108039455,0.7108036532612108
2002-09-17,0.6747536310392904,0.6941200528363274
2002-09-18,0.6734676205440138,0.6864133624248521
2002-09-19,0.6595649056482656,0.6710807548776526
2002-09-20,0.6638792701245034,0.6717160993482174
2002-09-23,0.6441773961536028,0.6640098782759388
2002-09-24,0.6406485666245094,0.6544761442395729
2002-09-25,0.6629376068105292,0.6698093619277282
2002-09-26,0.6530315660307214,0.6810907743308238
2002-09-27,0.6220282511310522,0.658846208433911
2002-09-30,0.613987461357279,0.6505834918761123
2002-10-01,0.6508127596496072,0.6812495987149851
2002-10-02,0.6287036367497785,0.6601959340957638
2002-10-03,0.6208615001920066,0.653046537046443
2002-10-04,0.6060264069876229,0.6427183056179134
2002-10-07,0.5944171332080894,0.6257171972264666
2002-10-08,0.605956531697066,0.6371570116084464
2002-10-09,0.5818838494171432,0.6207911068858053
2002-10-10,0.6059022694231544,0.6408908395877461
2002-10-11,0.6434929179232071,0.6670287618569146
2002-10-14,0.6481546102370276,0.6718751584019773
2002-10-15,0.6922996307029126,0.7056392324764684
2002-10-16,0.6717728143912831,0.6883998875087797
2002-10-17,0.6906981335973326,0.7011906478345236
2002-10-18,0.7039291116338522,0.7050835818015024
2002-10-21,0.7059279450709719,0.7165238655226789
2002-10-22,0.6991564608629612,0.7112803141493736
2002-10-23,0.7074617736852575,0.7169212080866
2002-10-24,0.682490474899007,0.7015878026627662
2002-10-25,0.6954796006263297,0.7158089211243549
2002-10-28,0.690609641092546,0.7117566934340182
2002-10-29,0.6863269779055826,0.7031767505131739
2002-10-30,0.6845146889938358,0.7101679333192891
2002-10-31,0.6882555670807861,0.7046865208410994
2002-11-01,0.6946081503389403,0.7178743421272463
2002-11-04,0.7222108261289837,0.7240709336733585
2002-11-05,0.7261814648866644,0.7299498764511482
2002-11-06,0.7298535559691857,0.7375767322652658
2002-11-07,0.716618168151741,0.7200190345204593
2002-11-08,0.6975002033369643,0.7121539890640195
2002-11-11,0.6776545006857093,0.7012701538944436
2002-11-12,0.6775106511653053,0.7056392324764684
2002-11-13,0.6863923251641215,0.7041301661573381
2002-11-14,0.7027829184929628,0.7212903336025445
2002-11-15,0.6925625069434612,0.7266131094322518
2002-11-18,0.6834941633598923,0.719463008374136
2002-11-19,0.6805449583238661,0.7177949299351657
2002-11-20,0.7040779668795069,0.7266131094322518
2002-11-21,0.7385890707604678,0.7480635534083583
2002-11-22,0.7360864035000815,0.7434559566465734
2002-11-25,0.7406208803632758,0.7458392141534661
2002-11-26,0.725773506698115,0.7291554259929041
2002-11-27,0.7440603598325722,0.7491759342384428
2002-11-29,0.7409388347566391,0.745044482091704
2002-12-02,0.7420283702177342,0.7478251290964376
2002-12-03,0.7295770890600516,0.7380529707481511
2002-12-04,0.7254780796853291,0.734478530360049
2002-12-05,0.7080754828039909,0.7251835022391216
2002-12-06,0.7121557537278786,0.7312210347314743
2002-12-09,0.6918560839793146,0.7105651820153709
2002-12-10,0.700629086435172,0.7200986344482188
2002-12-11,0.7077587531153735,0.7226409040749514
2002-12-12,0.7013417300355163,0.7213701681999023
2002-12-13,0.6848047690757109,0.7097705907553679
2002-12-16,0.7102269453663398,0.7283938762123484
2002-12-17,0.7039186077097038,0.7224071262210782
2002-12-18,0.6938978164257265,0.7141052198403555
2002-12-19,0.6877046461746624,0.7082781390438005
2002-12-20,0.694243788489327,0.7172185344677058
2002-12-23,0.6980087134891354,0.7192936707919689
2002-12-24,0.6916722722771879,0.7141846320324362
2002-12-26,0.6883456978879772,0.7134664961275746
2002-12-27,0.6801991090924085,0.6975016417485085
2002-12-30,0.6761215275179767,0.7034882978719394
2002-12-31,0.667004735572355,0.7052445182120489
2003-01-02,0.6953619954983353,0.7276754117700492
2003-01-03,0.6948123518163275,0.7293513751075241
2003-01-06,0.7098785597262761,0.7429215201032981
2003-01-07,0.715001362159318,0.7384514397261447
2003-01-08,0.6991790471337976,0.7298303357577504
2003-01-09,0.715069898448655,0.7414848728222176
2003-01-10,0.7126086799757451,0.7431611646971301
2003-01-13,0.7156977498120581,0.742921520103298
2003-01-14,0.7205685775472382,0.7433208808257651
2003-01-15,0.7090906654922214,0.7357377674247794
2003-01-16,0.7007352917360657,0.7315070031040202
2003-01-17,0.6721757653035308,0.7246420725418157
2003-01-21,0.6607431821417008,0.7110719744799613
2003-01-22,0.6519268999993094,0.7026905151053989
2003-01-23,0.6658327546552304,0.7082781390438005
2003-01-24,0.6377543387039,0.6888808193836322
2003-01-27,0.6329701181696521,0.6787432335367998
2003-01-28,0.6318598364102912,0.6851290626470191
2003-01-29,0.6377792829402404,0.6906369927898222
2003-01-30,0.6201749011762115,0.6745127038856391
2003-01-31,0.622420735502775,0.6878429696179827
2003-02-03,0.6365081351388943,0.6880025449448587
2003-02-04,0.6280673159445829,0.6808984860619386
2003-02-05,0.6211161932071315,0.6770669416618874
2003-02-06,0.6214480294151866,0.6695633812547412
2003-02-07,0.61354114505325,0.6670091434784929
2003-02-10,0.6211858587570227,0.6701219887666465
2003-02-11,0.6128090238790749,0.6663707952370693
2003-02-12,0.6066129765166965,0.6561529523876022
2003-02-13,0.6141921017504862,0.656871182160303
2003-02-14,0.6256400853984628,0.6706810186838288
2003-02-18,0.6391189533678295,0.6844106451386396
2003-02-19,0.6347962729502379,0.6789825495931943
2003-02-20,0.6282833526839091,0.6726765550803327
2003-02-21,0.6398096084049221,0.6804191030064355
2003-02-24,0.6307848692331651,0.6672486942044857
2003-02-25,0.6336568319981619,0.6749113605993111
2003-02-26,0.6232591012705211,0.6650132785445516
2003-02-27,0.624159661560044,0.673314950255676
2003-02-28,0.6261067279840353,0.6782644606222524
2003-03-03,0.6280729835800866,0.6712396731296539
2003-03-04,0.6149209063963493,0.6607030081638725
2003-03-05,0.6251076506444563,0.6667694988846613
2003-03-06,0.624810890641811,0.6605433859030769
2003-03-07,0.6332740128395332,0.6661308221057999
2003-03-10,0.6159476234625553,0.6491802146119173
2003-03-11,0.6106642160349783,0.643169340585937
2003-03-12,0.6244408362279267,0.6474971173186529
2003-03-13,0.660025705243872,0.6689762848535971
2003-03-14,0.6683375103526887,0.6704185642050379
2003-03-17,0.6907469847899563,0.6926991284183371
2003-03-18,0.6939212317191451,0.6971074437572057
2003-03-19,0.7052717633400112,0.7021565479013205
2003-03-20,0.702631136787322,0.7042403670007225
2003-03-21,0.7220005063350577,0.7185064012234348
2003-03-24,0.688254533470917,0.694863016784695
2003-03-25,0.6942046615805686,0.7020762439647662
2003-03-26,0.6860138225563678,0.6973477454259129
2003-03-27,0.6811128799174163,0.6971074437572056
2003-03-28,0.6707948666838698,0.69526406712827
2003-03-31,0.6577005189736916,0.6797156104845109
2003-04-01,0.6678410580677964,0.6894131908344427
2003-04-02,0.6981906915876699,0.7063239983644457
2003-04-03,0.7048905904334786,0.7041602038659271
2003-04-04,0.6974076414666487,0.7075262576506972
2003-04-07,0.7001813786893288,0.7075262576506972
2003-04-08,0.7095882929163406,0.7072055112436764
2003-04-09,0.6861398368978022,0.6983896784425737
2003-04-10,0.6874572730135161,0.700954288615069
2003-04-11,0.6858033036523951,0.6989503510469445
2003-04-14,0.6947145551047822,0.7136172948114727
2003-04-15,0.6996729381568314,0.7187466090243025
2003-04-16,0.697767309647563,0.7068049771732176
2003-04-17,0.7141686137101873,0.7178650022772325
2003-04-21,0.705967972156969,0.7183454178789686
2003-04-22,0.7242019802437525,0.7325317583060822
2003-04-23,0.7289217445695425,0.7379818658598525
2003-04-24,0.7220465572649869,0.7318102900929241
2003-04-25,0.7185774285015691,0.7239560394380081
2003-04-28,0.7308954628575688,0.7358175081542978
2003-04-29,0.7301197019246322,0.7382222144624794
2003-04-30,0.7277096810906221,0.7374203015110079
2003-05-01,0.7251133033167407,0.7372602568449352
2003-05-02,0.729917459628123,0.7468778617957503
2003-05-05,0.7234340342577132,0.7457559533799729
2003-05-06,0.7340425840456555,0.7522475246112073
2003-05-07,0.7254302157111866,0.7479997702115277
2003-05-08,0.7171060940757623,0.7413477319089437
2003-05-09,0.73233339647389,0.7515265257372458
2003-05-12,0.7298061658920971,0.7605826132731363
2003-05-13,0.7214902501237807,0.7591401461860167
2003-05-14,0.7173447440468397,0.7576975852310578
2003-05-15,0.7179042920925892,0.7626666670421364
2003-05-16,0.7066968353233339,0.7609832881453539
2003-05-19,0.6919566667548747,0.7431911085378791
2003-05-20,0.6925872297967134,0.7407065676323397
2003-05-21,0.6828797731107735,0.7431108515352444
2003-05-22,0.6863203664728958,0.7495227759047997
2003-05-23,0.6859383498550705,0.7516064542024425
2003-05-27,0.7023379998157321,0.7651508794102376
2003-05-28,0.6967457242082148,0.7673149555122742
2003-05-29,0.6963496378746385,0.7653111587459087
2003-05-30,0.7050596732369212,0.7773334700049055
2003-06-02,0.7093995283809107,0.7806191729192015
2003-06-03,0.7132562145329482,0.7830236914917045
2003-06-04,0.7171940048798606,0.795285694278453
2003-06-05,0.7123096453733782,0.7989722598006455
2003-06-06,0.7135385838556907,0.7968085122360465
2003-06-09,0.7125039736358094,0.7881525832992575
2003-06-10,0.7308141158674272,0.7957662976158678
2003-06-11,0.7386027597625524,0.8041822064874675
2003-06-12,0.7412512533873601,0.8070674222652244
2003-06-13,0.7312021057854916,0.7980907469214147
2003-06-16,0.7501309009802278,0.8153615845492015
2003-06-17,0.7558925333933801,0.8153615845492015
2003-06-18,0.7511869221154874,0.8144769740312726
2003-06-19,0.7397613064861593,0.8018474317195932
2003-06-20,0.7451975757666869,0.7997562439948032
2003-06-23,0.7360256593864685,0.792033924588078
2003-06-24,0.7357469078557337,0.7931601509244651
2003-06-25,0.7210807919639629,0.7850349507512977
2003-06-26,0.7286720180609723,0.7946886948202583
2003-06-27,0.7200659002333099,0.7865633538453319
2003-06-30,0.7209925714207424,0.7865633538453319
2003-07-01,0.7271318059419045,0.7933205710618951
2003-07-02,0.7366010574384481,0.8028131440507109
2003-07-03,0.730741125754486,0.7943663526599688
2003-07-07,0.7525255673454403,0.8104550187191227
2003-07-08,0.7501786381666976,0.814316084554646
2003-07-09,0.7414275808754843,0.8093287923827357
2003-07-10,0.7314492024430236,0.7993541141710758
2003-07-11,0.7358572624050435,0.8065130388060895
2003-07-14,0.7360000873057019,0.8100527011597166
2003-07-15,0.7293754533174955,0.8085240633960841
2003-07-16,0.7288755351529633,0.8046629036927214
2003-07-17,0.7141073380370089,0.793160150924465
2003-07-18,0.7257627349177599,0.801203779945247
2003-07-21,0.7062336241797902,0.7903442096121401
2003-07-22,0.7140715525069676,0.7981472553606968
2003-07-23,0.7151370298579788,0.7989515150081518
2003-07-24,0.7094013231883634,0.7930794245826339
2003-07-25,0.7343547216927037,0.8065130388060897
2003-07-28,0.7298282833844335,0.8038582685739095
2003-07-29,0.7217489887968546,0.8003187000881217
2003-07-30,0.7194741961983243,0.7977451255369695
2003-07-31,0.7280869756671426,0.8000779290802177
2003-08-01,0.7251511318743544,0.7925962868135572
2003-08-04,0.725549000678286,0.7931601509244653
2003-08-05,0.7096265949697701,0.7766690265041463
2003-08-06,0.7079069834527142,0.7808525283677983
2003-08-07,0.7139946662438431,0.7886548701075597
2003-08-08,0.7122611738599719,0.7907466210393858
2003-08-11,0.7153051012640453,0.794286283393013
2003-08-12,0.717566106806001,0.8015257466341793
2003-08-13,0.7117346893390925,0.7973430895810812
2003-08-14,0.7191405599563139,0.8003187000881216
2003-08-15,0.720980966617851,0.8008021194607163
2003-08-18,0.7365974926926181,0.8082829169168229
2003-08-19,0.7495255280181065,0.8110983888899511
2003-08-20,0.741971168213564,0.8085240633960843
2003-08-21,0.7485564148985238,0.8111788336282645
2003-08-22,0.7445882696270066,0.8035366773563346
2003-08-25,0.7479255735946236,0.8036169343589693
2003-08-26,0.7492550117872628,0.8061110028502014
2003-08-27,0.7455367673087799,0.8061910721171575
2003-08-28,0.7458118045363306,0.8105353695895968
2003-08-29,0.7444908455514475,0.8151207196734583
2003-09-02,0.7658582014261028,0.8278304251199332
2003-09-03,0.7887142067439736,0.8316917725589745
2003-09-04,0.793091221000066,0.8325766646804216
2003-09-05,0.7887233737924466,0.8281520163375081
2003-09-08,0.7993513236713329,0.834587595402577
2003-09-09,0.790176534701913,0.8284737952907616
2003-09-10,0.777524033662448,0.8210730671016111
2003-09-11,0.7873394198514556,0.8224406276529381
2003-09-12,0.7946674011063943,0.8250948346780823
2003-09-15,0.7932155971510284,0.8216302665959262
2003-09-16,0.807421659635537,0.8337461640907436
2003-09-17,0.7993120874289165,0.8322113310497148
2003-09-18,0.8178010969960932,0.841904593479037
2003-09-19,0.8215554240766945,0.8380271946394687
2003-09-22,0.8026825569043999,0.8288998614135202
2003-09-23,0.8118642993858987,0.8322113310497148
2003-09-24,0.7867498877436299,0.8170255797371607
2003-09-25,0.7806240809212844,0.8100795473617675
2003-09-26,0.7731737796964062,0.8076563490892361
2003-09-29,0.7883579149414736,0.8152484738027983
2003-09-30,0.7671757234494369,0.8069289672021996
2003-10-01,0.7876828642480527,0.8245380106551243
2003-10-02,0.789012217948979,0.8278492925556402
2003-10-03,0.7976768942587509,0.8351998014507445
2003-10-06,0.7987447400584132,0.8392387468418148
2003-10-07,0.7962156119738897,0.8423082251881938
2003-10-08,0.7859635759818059,0.8401270182054779
2003-10-09,0.7866326758634695,0.8429545991298808
2003-10-10,0.7754590591446725,0.8421463031653343
2003-10-13,0.7685381448870732,0.8481239010422691
2003-10-14,0.7719930597899242,0.8507892783402945
2003-10-15,0.7735154558871808,0.8482854475937711
2003-10-16,0.7779220870822141,0.8521628464333393
2003-10-17,0.767647935875381,0.8427120446330293
2003-10-20,0.77633861868019,0.8484466186739159
2003-10-21,0.7776687839271642,0.8477197999939156
2003-10-22,0.7644514110497023,0.8369773767243035
2003-10-23,0.7652514429724417,0.834958091764447
2003-10-24,0.7332145740752797,0.8366537204142632
2003-10-27,0.7361736216314766,0.8370573521234201
2003-10-28,0.7440518340928625,0.8482047212519399
2003-10-29,0.7420074677621655,0.8500624596602944
2003-10-30,0.7343592990809883,0.85183909625546
2003-10-31,0.736356455273001,0.8505472870504792
2003-11-03,0.7408038602824757,0.8564436892463859
2003-11-04,0.7307626696469611,0.8542632332063848
2003-11-05,0.7281057371338838,0.8555550424113655
2003-11-06,0.7299817747178247,0.8602397985370869
2003-11-07,0.7239824036392037,0.8537776548734852
2003-11-10,0.7233064140151575,0.8503856466311379
2003-11-11,0.7198267269843857,0.8489317276676192
2003-11-12,0.7300880263473503,0.8589469567858734
2003-11-13,0.7214109320011207,0.85983616682793
2003-11-14,0.7127450130075007,0.8523238297778057
2003-11-17,0.707121081775327,0.8481239010422693
2003-11-18,0.7155004405829825,0.8394811136029878
2003-11-19,0.7318822400349482,0.8466700759465898
2003-11-20,0.7216135488298374,0.8390772002903129
2003-11-21,0.7165603683606772,0.8426314121590376
2003-11-24,0.7274007814122747,0.8526471106164885
2003-11-25,0.7251039944009152,0.856443689246386
2003-11-26,0.7239121947138898,0.8594317841760584
2003-11-28,0.7260687208845275,0.8608859847430953
2003-12-01,0.7326001622152829,0.8693673194987142
2003-12-02,0.7361715744661665,0.8675092056190024
2003-12-03,0.7368377818724272,0.866217208678343
2003-12-04,0.7390232324935003,0.8692866870247221
2003-12-05,0.7354082860127279,0.8633094646191447
2003-12-08,0.7424855058702093,0.8688018596345372
2003-12-09,0.746889684124181,0.8621784510229513
2003-12-10,0.7518338716546282,0.862905645174309
2003-12-11,0.7611465484232585,0.8724369855807717
2003-12-12,0.7578256372269576,0.8739716308861218
2003-12-15,0.7619584871121644,0.8695401301909367
2003-12-16,0.7705057091560632,0.877587983264489
2003-12-17,0.7713015023085641,0.8801128404070242
2003-12-18,0.7777249165450326,0.8898876739887318
2003-12-19,0.7777203234142345,0.8871175401820043
2003-12-22,0.7767700243665341,0.8936342210602618
2003-12-23,0.7776978040432234,0.8940421706900283
2003-12-24,0.7735628817348568,0.893145826692182
2003-12-26,0.773447938862816,0.8942858516009519
2003-12-29,0.7809503764726518,0.9056894799308663
2003-12-30,0.7802820801910211,0.9060153890690508
2003-12-31,0.7817518234412335,0.905933724048826
2004-01-02,0.7846991649072411,0.9069930226157646
2004-01-05,0.800109324011896,0.9158713244639471
2004-01-06,0.7986385561501789,0.9173379155857768
2004-01-07,0.8023864552487626,0.9205142155333236
2004-01-08,0.8093473287104536,0.923772462104613
2004-01-09,0.7966183430931776,0.9161977029413284
2004-01-12,0.7992941747259241,0.9228768690494814
2004-01-13,0.790990679111706,0.9173379155857768
2004-01-14,0.7998325313108421,0.9254016323241772
2004-01-15,0.7976869616654072,0.9271121859604484
2004-01-16,0.8193813551529212,0.9312660255868692
2004-01-20,0.8234034992379687,0.9306143950461794
2004-01-21,0.8326453333480356,0.9372122716054648
2004-01-22,0.8243391390644802,0.9358280025787354
2004-01-23,0.8264906602060814,0.9316733181417604
2004-01-26,0.8432321375282877,0.9446246394066932
2004-01-27,0.8365269112095051,0.935013323601114
2004-01-28,0.8235292465647439,0.9240170816939296
2004-01-29,0.8298256443765766,0.9252386777550852
2004-01-30,0.8209842993729727,0.9254016323241772
2004-02-02,0.817632281889373,0.9288227395967196
2004-02-03,0.810534551761709,0.928415353173989
2004-02-04,0.8063782686044171,0.9200257272974044
2004-02-05,0.8102598569439806,0.9220618146005024
2004-02-06,0.8073168068214124,0.9327322412373414
2004-02-09,0.8010205843475265,0.9333840595137104
2004-02-10,0.7974084826239863,0.935664954141804
2004-02-11,0.8069166372900008,0.9458464232035274
2004-02-12,0.8012894422157558,0.9425073564225672
2004-02-13,0.794588145980342,0.9381896235486608
2004-02-17,0.8043696721579314,0.9471497781527468
2004-02-18,0.7974034689422738,0.9418557258818772
2004-02-19,0.7912383635357927,0.9394114073454948
2004-02-20,0.7940521842750414,0.9367235017660278
2004-02-23,0.8042276452148216,0.9340351268473644
2004-02-24,0.8059736826745073,0.9327322412373416
2004-02-25,0.7994103096592448,0.9363975926278436
2004-02-26,0.7953816185858741,0.9359088227884064
2004-02-27,0.7937633400723235,0.9370494109042125
2004-03-01,0.7996796700371602,0.9465800003679604
2004-03-02,0.79148194944247,0.9415295351401752
2004-03-03,0.7960625319764995,0.9425884582357564
2004-03-04,0.796736060614816,0.9456836563701144
2004-03-05,0.794717394545707,0.948697658823444
2004-03-08,0.7750830314819428,0.9365606410647752
2004-03-09,0.7699711806730752,0.9333840595137106
2004-03-10,0.7590822992775088,0.9179889829194312
2004-03-11,0.7461687782019396,0.9051191389390444
2004-03-12,0.7524817129478029,0.9172560628298738
2004-03-15,0.7454908623184137,0.906911545331219
2004-03-16,0.7484528238895354,0.9111466745065074
2004-03-17,0.7512844430680503,0.920514215533324
2004-03-18,0.7475277898575254,0.9209215080882148
2004-03-19,0.7362290532983252,0.9087846780652248
2004-03-22,0.7246532172483414,0.897137462692226
2004-03-23,0.7171314005415602,0.8956709654382358
2004-03-24,0.7203484762320923,0.8951822894666379
2004-03-25,0.7378112533504099,0.907888709538736
2004-03-26,0.741053813724329,0.9081329536566956
2004-03-29,0.7499267101900852,0.9207129337492042
2004-03-30,0.7512805143959498,0.9243097616169887
2004-03-31,0.7453701407401869,0.9255352062595568
2004-04-01,0.7487286148667737,0.930521559753074
2004-04-02,0.7572457569629513,0.9376326117900248
2004-04-05,0.7666641302356245,0.942864523551252
2004-04-06,0.765390246483068,0.9403303734926222
2004-04-07,0.7613104752481437,0.9377144645459282
2004-04-08,0.7663891978377639,0.9355892966632976
2004-04-12,0.7749032385556466,0.938613718446794
2004-04-13,0.7647135730920529,0.9264350233674588
2004-04-14,0.7626845393250539,0.9274976073087742
2004-04-15,0.7695308854458787,0.9233281856210228
2004-04-16,0.7768963968574538,0.9306850775292022
2004-04-19,0.7741364351555351,0.9313393363693936
2004-04-20,0.7625624368180339,0.9153993569677524
2004-04-21,0.7622191402742087,0.9212851520978138
2004-04-22,0.76720597298362,0.93370931157702
2004-04-23,0.7622770452108989,0.9358344794596506
2004-04-26,0.7633706793857229,0.9344450477017576
2004-04-27,0.767595582888813,0.9347722709896928
2004-04-28,0.7554413446756707,0.9227564366116104
2004-04-29,0.7505809094895985,0.9144185319145012
2004-04-30,0.7494492557597645,0.9082062644392196
2004-05-03,0.7639097679452871,0.9170345347290344
2004-05-04,0.7641785896980159,0.9189968419104124
2004-05-05,0.7690251430199533,0.9212029238705528
2004-05-06,0.7673389702081878,0.914827420222661
2004-05-07,0.7563686843329869,0.8999514327799251
2004-05-10,0.745920772980641,0.8899790073964092
2004-05-11,0.7560467979131013,0.897171724453585
2004-05-12,0.7615078382964735,0.9031384336611564
2004-05-13,0.758447785529585,0.8992971739397335
2004-05-14,0.7610240439600315,0.8997061561157327
2004-05-17,0.7567067972805797,0.8919409391064296
2004-05-18,0.7590628140141845,0.8960276632277233
2004-05-19,0.7560467979131014,0.8929214825561628
2004-05-20,0.7569814300766172,0.8965175594812326
2004-05-21,0.7609349693807708,0.8984798666626104
2004-05-24,0.7643373116284209,0.9017490019032632
2004-05-25,0.7788438106097416,0.9138465013015704
2004-05-26,0.7773722184129562,0.9176886997013864
2004-05-27,0.7753728204826587,0.9230832844281878
2004-05-28,0.77257394042811,0.923410319980444
2004-06-01,0.7756775813019547,0.9214484821382628
2004-06-02,0.7771365074947676,0.9252903989345612
2004-06-03,0.7738286308820375,0.9173619457526478
2004-06-04,0.7750063805652778,0.9237376371362186
2004-06-07,0.7862192674484337,0.937469281749575
2004-06-08,0.7826558598864894,0.9395943557643665
2004-06-09,0.7751211583296134,0.930930354193394
2004-06-10,0.7837165556525059,0.9349356948979812
2004-06-14,0.7835146317757042,0.9256988179035242
2004-06-15,0.7885340879290008,0.932238308666741
2004-06-16,0.7980955342268974,0.9318299835656172
2004-06-17,0.8015131016948563,0.9307670241529444
2004-06-18,0.8061064919547754,0.933137374831928
2004-06-21,0.8040833564375123,0.9288051863107633
2004-06-22,0.8086801564942907,0.933954682109051
2004-06-23,0.8207248307681223,0.9416383279659686
2004-06-24,0.8196163840034778,0.9388591828466644
2004-06-25,0.7969646882522773,0.9337093115770192
2004-06-28,0.7997421169286058,0.930879196220954
2004-06-29,0.8017111371694782,0.9349811269322208
2004-06-30,0.8011203643801756,0.9398208588606904
2004-07-01,0.7979587603445834,0.9267775471132054
2004-07-02,0.7924827940325194,0.9268599630761448
2004-07-06,0.7868154326488991,0.9182470256097732
2004-07-07,0.7902967906793125,0.9209537047571076
2004-07-08,0.779902820728293,0.9148833654549062
2004-07-09,0.7888221916333943,0.9163599065677056
2004-07-12,0.7945970346650196,0.9172623519751092
2004-07-13,0.7935475683968384,0.9180824752874122
2004-07-14,0.8045427640265567,0.9157856231266308
2004-07-15,0.803911207751393,0.9084850519220548
2004-07-16,0.7949907910306132,0.908567374017155
2004-07-19,0.8032813381309521,0.9053677009776132
2004-07-20,0.8081858616594684,0.9164420409271272
2004-07-21,0.8081078910616455,0.8990515218041831
2004-07-22,0.8135461875282496,0.902414618752014
2004-07-23,0.7955507549256492,0.8947038450895276
2004-07-26,0.8017095218461691,0.8923249524371641
2004-07-27,0.8047493955123141,0.9006922377679862
2004-07-28,0.8128037470145436,0.9033174396307748
2004-07-29,0.8104145190264673,0.9071724040567412
2004-07-30,0.8110521559066952,0.9103717954927651
2004-08-02,0.8115946680976879,0.9110284010289402
2004-08-03,0.8120451495305088,0.904711846384153
2004-08-04,0.8064672040989155,0.9041372813395602
2004-08-05,0.7948229744960018,0.8891255610011404
2004-08-06,0.7800604318217511,0.8773135137022625
2004-08-09,0.7879431636913499,0.8781342002216018
2004-08-10,0.7885021624190621,0.8871574340137236
2004-08-11,0.7908136928057717,0.8877314358512804
2004-08-12,0.7785902638584914,0.8779703069741163
2004-08-13,0.7851808813576009,0.8798562996021116
2004-08-16,0.7916806460944957,0.8883878536517766
2004-08-17,0.7832891785997815,0.893965856136646
2004-08-18,0.7950638268260587,0.903317439630775
2004-08-19,0.7966803789628258,0.900528062916983
2004-08-20,0.7973603168337009,0.9061063470053704
2004-08-23,0.7933590288499391,0.9047118463841533
2004-08-24,0.7935873930937585,0.9043839660213426
2004-08-25,0.7985382352130417,0.9110284010289402
2004-08-26,0.7990676179661824,0.9115202685070756
2004-08-27,0.8004996870988175,0.9146373378479994
2004-08-30,0.7953259583680642,0.9075829819860092
2004-08-31,0.8065664301404728,0.9121766863075716
2004-09-01,0.8106633556458055,0.9133254409254
2004-09-02,0.8184758623207139,0.9237429876030606
2004-09-03,0.8156450316956328,0.9202975685601296
2004-09-07,0.8225364173697197,0.9266134661300414
2004-09-08,0.8257330389554335,0.9238250280946428
2004-09-09,0.831789208684607,0.9225943268530716
2004-09-10,0.8310626741844103,0.9271060845508916
2004-09-13,0.8306244170131887,0.9316996950046148
2004-09-14,0.8312131619437181,0.9330119673985716
2004-09-15,0.8273240027956305,0.925465462454928
2004-09-16,0.8283824920962101,0.9288284655349194
2004-09-17,0.844030804512506,0.9316176545130328
2004-09-20,0.8424975132628153,0.9269417219642092
2004-09-21,0.8568386629705702,0.9310431833362792
2004-09-22,0.8448173539819975,0.9193952170205658
2004-09-23,0.8313101918630994,0.914555766695614
2004-09-24,0.8318053150167047,0.9184926777453232
2004-09-27,0.8293946376257514,0.9129244375157448
2004-09-28,0.8367540969774485,0.9177021228024116
2004-09-29,0.8351188997171548,0.9216555545918442
2004-09-30,0.8383015653501752,0.9209143741324248
2004-10-01,0.8480261030421068,0.9364829184938024
2004-10-04,0.8501308192583541,0.9382126211692988
2004-10-05,0.8528013568691348,0.9385422850210566
2004-10-06,0.8631129207718297,0.9439788286720424
2004-10-07,0.8552797601123101,0.9353296582196858
2004-10-08,0.8535859720419661,0.9270097761477296
2004-10-11,0.856333999702594,0.9304695569700796
2004-10-12,0.8528739968063842,0.9279987677030036
2004-10-13,0.8412197125680588,0.9195966574037868
2004-10-14,0.8401819471612727,0.9122656730192652
2004-10-15,0.8440210084686965,0.9164668220367128
2004-10-18,0.8458096120642129,0.9197614893296656
2004-10-19,0.8362851229163608,0.9121831631884862
2004-10-20,0.8386497338781486,0.9110298090465304
2004-10-21,0.8399602239849749,0.9158898164282973
2004-10-22,0.8338379351911355,0.906252499231221
2004-10-25,0.8341947008932988,0.9055109433004443
2004-10-26,0.8482663735078835,0.9196791672345656
2004-10-27,0.8483102961654478,0.9307995024253556
2004-10-28,0.8462919407374859,0.9331876879938138
2004-10-29,0.8527774568183558,0.9324466952700732
2004-11-01,0.8483901446577103,0.9351647324259678
2004-11-02,0.8449496228594174,0.9357412686951866
2004-11-03,0.855794784699836,0.9470264358118556
2004-11-04,0.8732340091553248,0.9606180296089188
2004-11-05,0.8762250691301621,0.9661368014871656
2004-11-08,0.8734256357952314,0.9649833534773704
2004-11-09,0.8718723865965728,0.963912696901872
2004-11-10,0.8738388669392521,0.963912696901872
2004-11-11,0.8796383927134866,0.9713259095136544
2004-11-12,0.8918998160765694,0.9794810535275708
2004-11-15,0.8826087470791493,0.980963883785606
2004-11-16,0.8811009056275146,0.9747031805052252
2004-11-17,0.8894012464311681,0.979068879845034
2004-11-18,0.8957327806057089,0.980963883785606
2004-11-19,0.8917901747987503,0.969925870689916
2004-11-22,0.8942832682578763,0.9756094744940416
2004-11-23,0.8934205409732721,0.9768445875240614
2004-11-24,0.8939079774873061,0.9793981682254344
2004-11-26,0.8928736338504427,0.9784098337450362
2004-11-29,0.8886723714174974,0.9742088724632672
2004-11-30,0.8883442257727057,0.9737969803842484
2004-12-01,0.8955531752200122,0.9853295831254146
2004-12-02,0.8858794342539484,0.9862350323036768
2004-12-03,0.8854172463914974,0.9851643757281784
2004-12-06,0.8823013496315654,0.9857413813365938
2004-12-07,0.8739825579420727,0.9756915149856236
2004-12-08,0.8817276034344184,0.9817048765093463
2004-12-09,0.8881913265480833,0.984999731537978
2004-12-10,0.8949020614303677,0.9867292464777956
2004-12-13,0.9092054935763448,0.9954611144966096
2004-12-14,0.9078901356823912,0.9990028419427024
2004-12-15,0.9066822122596886,0.9996620757783788
2004-12-16,0.8996109213598747,0.999167580000742
2004-12-17,0.8925338899190746,0.9913420998385832
2004-12-20,0.9081258943109496,0.9924954539805392
2004-12-21,0.9144501663791068,1.0003210280105372
2004-12-22,0.9095447976643634,1.0028744209762317
2004-12-23,0.9147123381492916,1.0036155075678113
2004-12-27,0.9025761712754996,1.0010854876941124
2004-12-28,0.9055648666305632,1.0071407142741802
2004-12-29,0.9046705779252676,1.0083847447489374
2004-12-30,0.9042769137366358,1.0064773502535729
2004-12-31,0.9050826146987908,1.0036572787563167
2005-01-03,0.8958159055672761,0.9991779054630688
2005-01-04,0.88737054371172,0.9871507130764264
2005-01-05,0.8823495238822108,0.981178465666334
2005-01-06,0.8915158065053996,0.9851599639397288
2005-01-07,0.8858743494603143,0.9833350792751432
2005-01-10,0.8864487531152294,0.9883118582490475
2005-01-11,0.8790025253267499,0.9815929860448542
2005-01-12,0.8890213331781501,0.9854089014496556
2005-01-13,0.8831133756992781,0.9772798526950752
2005-01-14,0.8913045367671163,0.9826716213866964
2005-01-18,0.9005483747807552,0.9931226788830008
2005-01-19,0.8901397620584481,0.9821740279703616
2005-01-20,0.8863493081634051,0.9762846658624053
2005-01-21,0.8809038618811542,0.9696487728281874
2005-01-24,0.8886284809900452,0.9684045546177514
2005-01-25,0.8958316195529147,0.9704780951887458
2005-01-26,0.8965224069570014,0.973713250271558
2005-01-27,0.8984466332911906,0.975206312124081
2005-01-28,0.8959165588320117,0.9724692197968008
2005-01-31,0.9035329913037912,0.981178465666334
2005-02-01,0.9201966317266572,0.9874826297563286
2005-02-02,0.9256806572499064,0.9906348995370046
2005-02-03,0.9286926950751294,0.9882289729469116
2005-02-04,0.9377439412743866,0.9984310929332892
2005-02-07,0.9384725581983754,0.9971040832885566
2005-02-08,0.9467342908884,0.9983482076311532
2005-02-09,0.9403998516251676,0.9906348995370045
2005-02-10,0.9470367171838608,0.9951965010575132
2005-02-11,0.9472077706708932,1.0021639353002758
2005-02-14,0.954736145947878,1.002081425469497
2005-02-15,0.9564021467578282,1.0066434963292026
2005-02-16,0.96820915319956,1.006559953952191
2005-02-17,0.9627447288801138,0.9983482076311532
2005-02-18,0.9723028063919356,0.9995097282751316
2005-02-22,0.9554235136291782,0.9850770786375932
2005-02-23,0.964864557894212,0.9923763356924185
2005-02-24,0.98631545468612,0.9983482076311536
2005-02-25,1.0061699329171985,1.0083847447489378
2005-02-28,1.001400495660241,1.0015838320531625
2005-03-01,0.99086319921431,1.0072238811798346
2005-03-02,1.0007518180872408,1.0069748498020687
2005-03-03,1.0034289873387656,1.0071407142741804
2005-03-04,1.0151418073680312,1.019002323792229
2005-03-07,1.0101852475532067,1.020080677530553
2005-03-08,1.0102075572343534,1.0157672625772562
2005-03-09,0.9856438113586278,1.0051502467410007
2005-03-10,0.9867431862846384,1.007555140784861
2005-03-11,0.9889550698285076,1.000422405277023
2005-03-14,0.9959716748998048,1.006062829875053
2005-03-15,0.9849505420922487,0.9980995517247448
2005-03-16,0.979573179522209,0.989390211987372
2005-03-17,0.9872890181723634,0.9917959508417864
2005-03-18,1.0039612468583696,0.987814358700552
2005-03-21,1.0011191803569073,0.9849109325619632
2005-03-22,0.9836442508591358,0.9745427603677952
2005-03-23,0.97642471717504,0.9762014989567512
2005-03-24,0.9695647520814908,0.976450530334517
2005-03-28,0.9715645837076884,0.978546129847756
2005-03-29,0.9605746371271668,0.9725356782270528
2005-03-30,0.9775408213042964,0.9858078397668456
2005-03-31,0.9790107446830988,0.9834703428316306
2005-04-01,0.9801523916342664,0.9786291090177316
2005-04-04,0.9781873218947884,0.981383754630968
2005-04-05,0.9761567631186177,0.984889812298112
2005-04-06,0.9836442508591356,0.9895641490936664
2005-04-07,0.9866755134086388,0.9941552251157276
2005-04-08,0.978691644793838,0.983888054716688
2005-04-11,0.982180917838504,0.9849733546751231
2005-04-12,0.9867812651362652,0.9905655312037328
2005-04-13,0.969784678665502,0.9785461298477556
2005-04-14,0.9644806159108702,0.9660248171548336
2005-04-15,0.9447666258991588,0.9521680467116386
2005-04-18,0.957318889162208,0.9549230677962326
2005-04-19,0.9696197446159172,0.9625187594876898
2005-04-20,0.950378616115726,0.9487460946285424
2005-04-21,0.9769034411817544,0.9674442866213152
2005-04-22,0.977902921148546,0.963937853482814
2005-04-25,0.9861929002726184,0.9703655476493784
2005-04-26,0.9775593980189854,0.9610998532282444
2005-04-27,0.972358350192195,0.9646896410080786
2005-04-28,0.9420798532839764,0.9521680467116388
2005-04-29,0.9578418651803022,0.965774377759478
2005-05-02,0.9647907939896024,0.9699481173678388
2005-05-03,0.9518758852428948,0.9726187512648672
2005-05-04,0.9596245658309034,0.9794639695808106
2005-05-05,0.9603590010848168,0.9792134363176151
2005-05-06,0.9585763004342158,0.9770433996077806
2005-05-09,0.9669492313879912,0.9828026608904132
2005-05-10,0.9550301528179675,0.9725356782270522
2005-05-11,0.9626358518789202,0.9784619303958686
2005-05-12,0.936534196041778,0.9674442866213152
2005-05-13,0.9243892934723948,0.9655241260998004
2005-05-16,0.927959150641391,0.9742052116175324
2005-05-17,0.9352598996093406,0.980632154841382
2005-05-18,0.9388427156855722,0.9911500462392956
2005-05-19,0.9496620912411904,0.995073252584461
2005-05-20,0.9433094940645184,0.9939048795882108
2005-05-23,0.9521738716403574,0.9989962711939478
2005-05-24,0.9534059247600076,0.997076861615148
2005-05-25,0.9565319615883254,0.9954073282246678
2005-05-26,0.9623632948203676,1.0011666833751398
2005-05-27,0.9668140757563084,1.0029194775391133
2005-05-31,0.9564720054914888,0.9961584586750568
2005-06-01,0.97057036214766,1.0055074138696842
2005-06-02,0.971721310229146,1.0075102719576563
2005-06-03,0.9677144741783016,1.0015001958083103
2005-06-06,0.97062807419403,1.0019180015612077
2005-06-07,0.9721405666814408,1.0022516078622177
2005-06-08,0.9651934622289254,0.9999980287753716
2005-06-09,0.9803890625202336,1.0044223016469278
2005-06-10,0.9778647947228194,1.0028360290299412
2005-06-13,0.9774985003385654,1.0066759746016132
2005-06-14,0.9766554392590984,1.0081782355023916
2005-06-15,0.9818090607441268,1.0098477688928715
2005-06-16,0.9869958077268632,1.0129365840141544
2005-06-17,0.9987369378145224,1.0166091632282854
2005-06-20,0.9956469153232264,1.017109948151158
2005-06-21,0.9820276936997676,1.017252345663435
2005-06-22,0.9781216877445038,1.018341118731926
2005-06-23,0.961803400211167,1.0043568757629089
2005-06-24,0.955508268870583,0.9964852126237956
2005-06-27,0.963686893463233,0.9980759908970706
2005-06-28,0.9685524373021084,1.006868591407937
2005-06-29,0.9608552064419454,1.0039378497281006
2005-06-30,0.9477922730686614,0.9974063377312276
2005-07-01,0.9564417585949192,1.000923284067735
2005-07-05,0.9725866661549668,1.0089624074322283
2005-07-06,0.9583613162018628,1.0006719998618248
2005-07-07,0.960285081273524,1.0039378497281006
2005-07-08,0.9693305412773322,1.015996300105243
2005-07-11,0.9759362674358402,1.0210209516772102
2005-07-12,0.9750945783906738,1.0235325734543987
2005-07-13,0.9749295591875374,1.0256260140073328
2005-07-14,0.9700704624383236,1.0283062224239736
2005-07-15,0.9649688484047112,1.0288082276287576
2005-07-18,0.960756151391976,1.0250399970863404
2005-07-19,0.968023965531078,1.0302317334123303
2005-07-20,0.9696202530389874,1.0337483981453195
2005-07-21,0.95592793840249,1.0280542811431883
2005-07-22,0.9712257302456512,1.034502532366568
2005-07-25,0.9714197659214016,1.0319903473823435
2005-07-26,0.9674987985936908,1.0328275546414063
2005-07-27,0.9687483131936686,1.0360932167720036
2005-07-28,0.9733317364338228,1.0431270155771788
2005-07-29,0.9573848489405652,1.0358420264339332
2005-08-01,0.958561753946001,1.0347535349689605
2005-08-02,0.9637577356075586,1.0417039791328024
2005-08-03,0.9560012432360392,1.0439646921754384
2005-08-04,0.9492023597649124,1.0356747539442317
2005-08-05,0.9428511864476176,1.028724309780389
2005-08-08,0.9490351283457054,1.0264635967377531
2005-08-09,0.9592478609115104,1.0327442000000735
2005-08-10,0.9625713717541288,1.033497020071571
2005-08-11,0.979895721501837,1.036176946884694
2005-08-12,0.9775472362166296,1.02972935273619
2005-08-15,0.9713755431103984,1.0358420264339332
2005-08-16,0.9550990062757818,1.022863201892074
2005-08-17,0.9498353427293604,1.02411877811107
2005-08-18,0.9478307068969964,1.0227788147045085
2005-08-19,0.9537228434546547,1.024872067521764
2005-08-22,0.9562235267332334,1.0252075511795609
2005-08-23,0.9555933288989494,1.023281570852007
2005-08-24,0.9491405106158608,1.0149075270367525
2005-08-25,0.9513412683185952,1.017838268716589
2005-08-26,0.9429103630318494,1.0107206459308844
2005-08-29,0.9457485496090822,1.019093844935585
2005-08-30,0.942961451752562,1.012814180351658
2005-08-31,0.9591979088799154,1.025793755836232
2005-09-01,0.9693498703763428,1.0249562669736512
2005-09-02,0.96272156413594,1.0218575957292375
2005-09-06,0.9737639038035162,1.0354235636061613
2005-09-07,0.9782398306654988,1.038354211418158
2005-09-08,0.9748000958672484,1.0345861686114195
2005-09-09,0.9935298183946738,1.0433783936509289
2005-09-12,0.9930301486738012,1.0412855163050303
2005-09-13,0.9853041974996511,1.036009768262832
2005-09-14,0.9878324072114796,1.032241349984736
2005-09-15,0.9918649558272348,1.030817562597645
2005-09-16,1.004153225696953,1.038354211418158
2005-09-19,1.0072782208098083,1.03500491304271
2005-09-20,1.003754538961991,1.025877392081083
2005-09-21,1.0040918911099903,1.0175035360015072
2005-09-22,1.0038042493006398,1.021857595729238
2005-09-23,0.9947089124622652,1.0216903232395362
2005-09-26,1.0000062198601796,1.0221440803749002
2005-09-27,1.004839446558173,1.0237417110004468
2005-09-28,1.0036731474535576,1.023321183080209
2005-09-29,1.006585789817509,1.0313098055471384
2005-09-30,0.9954939673772868,1.0342526561782497
2005-10-03,0.9805074947380656,1.030048503389943
2005-10-04,0.9582629857636986,1.0199578045288602
2005-10-05,0.9417205470095016,1.0056637038221856
2005-10-06,0.9497445272646248,1.0023002314029974
2005-10-07,0.9669405234011936,1.006504290323465
2005-10-10,0.954144994101337,0.9972551166420544
2005-10-11,0.9598578215472102,0.9968346825896558
2005-10-12,0.955716393254982,0.9892668696464822
2005-10-13,0.951461696638105,0.9888461539905656
2005-10-14,0.9598073323338714,0.9980957970111728
2005-10-17,0.9576378204158584,1.0018803605576347
2005-10-18,0.9344646455207284,0.9905278902001596
2005-10-19,0.9474538270291178,1.007345064560422
2005-10-20,0.9230527541508898,0.9905278902001596
2005-10-21,0.922696980678097,0.993471116302628
2005-10-24,0.9410512627627108,1.0098679504783312
2005-10-25,0.9414353389269476,1.0069249121115416
2005-10-26,0.9297920637458804,1.0040659793287994
2005-10-27,0.922880451795552,0.993471116302628
2005-10-28,0.9351841069455225,1.007261428315571
2005-10-31,0.9318927771881778,1.0120539447208534
2005-11-01,0.9303342144411936,1.0125584843572994
2005-11-02,0.9417982429455484,1.0224804088432509
2005-11-03,0.9546495377528156,1.027525805207712
2005-11-04,0.9491205771099652,1.027525805207712
2005-11-07,0.9419185824879316,1.0278622275439022
2005-11-08,0.9437159143517658,1.0281142626925268
2005-11-09,0.946904519044492,1.0285346967449254
2005-11-10,0.944697768277084,1.0382888794019784
2005-11-11,0.9472181143788913,1.0411477183168811
2005-11-14,0.9452501839328068,1.0410638943363515
2005-11-15,0.9432593622859274,1.036102603555938
2005-11-16,0.951806351066397,1.0389615363386802
2005-11-17,0.9551256452035904,1.0468655838823653
2005-11-18,0.976706768893059,1.051322428894172
2005-11-21,0.992500975537596,1.0582171155614468
2005-11-22,0.9933639799170422,1.062001397504391
2005-11-23,0.9937550158650592,1.068139227783077
2005-11-25,0.999196926788288,1.0688962719073445
2005-11-28,0.984033114566602,1.062001397504391
2005-11-29,0.979784673081528,1.061412189076861
2005-11-30,0.9743384972860488,1.0541810800733955
2005-12-01,0.9866602901903384,1.0657844591654233
2005-12-02,0.9809823302324664,1.0674665708463746
2005-12-05,0.9883592843650344,1.0641869224077158
2005-12-06,0.9903654502970332,1.0663732921215954
2005-12-07,0.9814102160230578,1.061244165644444
2005-12-08,0.9822628995280556,1.059310018814868
2005-12-09,0.9762019839693078,1.0617487991487295
2005-12-12,0.9797110786665152,1.0641029106915076
2005-12-13,0.9805146199012926,1.070829573926366
2005-12-14,0.991526569672858,1.0756229351422024
2005-12-15,0.9910711304306552,1.071502794070104
2005-12-16,0.9788863128020292,1.0688124479268144
2005-12-19,0.9726102292742184,1.0626736789697349
2005-12-20,0.971170007785393,1.0642714034631209
2005-12-21,0.9654169212013244,1.0661209753694525
2005-12-22,0.9653258484395076,1.0708295739263658
2005-12-23,0.9653258484395076,1.071792094750946
2005-12-27,0.949636435931834,1.0603945678305884
2005-12-28,0.9537080305528032,1.062927309871628
2005-12-29,0.9546308100309004,1.0578617319217092
2005-12-30,0.9522241165755304,1.0525432740126115
2006-01-03,0.9770894391250008,1.0707794485001587
2006-01-04,0.9773609753959692,1.076351349575471
2006-01-05,0.9735967671297312,1.077195784658163
2006-01-06,0.9870425874006022,1.0861450505928858
2006-01-09,0.9856313098422512,1.0889310480644616
2006-01-10,0.9873872180771568,1.0903661934601128
2006-01-11,0.9941369229337654,1.0936586079249215
2006-01-12,0.9829896254639052,1.0885932177106814
2006-01-13,0.9962909047305604,1.0874116093490844
2006-01-17,0.9994223156031504,1.0848784918366872
2006-01-18,0.9901202277643714,1.0806577244408175
2006-01-19,0.99576671569445,1.0853007093780331
2006-01-20,0.9703957887396896,1.0655447207037512
2006-01-23,0.9754455178586756,1.0692597281812632
2006-01-24,0.969093788060398,1.070272843771247
2006-01-25,0.9597742421314832,1.0709477535360932
2006-01-26,0.9607150422582786,1.0772804534492468
2006-01-27,0.9719538924801852,1.0869888286007026
2006-01-30,0.9881686002649184,1.0859763700855942
2006-01-31,0.982631231822323,1.0785465428662486
2006-02-01,0.9803320716340896,1.0861450505928858
2006-02-02,0.9772921234695644,1.0734812465198476
2006-02-03,0.9715915072243082,1.0678244889177728
2006-02-06,0.9755730713194822,1.0703572309588123
2006-02-07,0.9571510347009172,1.058706167004401
2006-02-08,0.9640528467664072,1.07061029865367
2006-02-09,0.9620573556029745,1.0688374167720778
2006-02-10,0.962159891730071,1.0711167156469028
2006-02-13,0.9633266984135403,1.0690063788828876
2006-02-14,0.9655316348422844,1.0796443272473155
2006-02-15,0.9674420115785252,1.083443440308875
2006-02-16,0.9705059558170462,1.0918019020627994
2006-02-17,0.9765284591892937,1.0896060516971466
2006-02-21,0.9752716389849428,1.0865670803985528
2006-02-22,0.9742703620851616,1.0924768118276456
2006-02-23,0.9686998589786,1.0912103469392864
2006-02-24,0.9725353300209986,1.0938276639035704
2006-02-27,0.970283920444408,1.0950095538686853
2006-02-28,0.9595383678784248,1.0842877815237275
2006-03-01,0.9669581378193236,1.0938276639035704
2006-03-02,0.9727462950105532,1.0931521909316884
2006-03-03,0.976608670767368,1.089437089586337
2006-03-06,0.9680223897628536,1.0834434403088753
2006-03-07,0.9674779120770276,1.0819235322543013
2006-03-08,0.9697772458124896,1.0846248609347937
2006-03-09,0.9596558453882968,1.0781244191927415
2006-03-10,0.9677636974748768,1.086988828600702
2006-03-13,0.9722034899015988,1.089521946113099
2006-03-14,0.9842504974386442,1.1003285749848186
2006-03-15,0.9943281675024,1.1053098596150113
2006-03-16,0.9994573401567868,1.1075047713022708
2006-03-17,0.9957495555394694,1.1089400105657612
2006-03-20,0.9920741138383832,1.1068294860660672
2006-03-21,0.9905780575697646,1.1001598944775268
2006-03-22,0.9960048298914894,1.1065766061068885
2006-03-23,0.9925920378116564,1.1047184922271769
2006-03-24,0.9896946483476984,1.1053938713312197
2006-03-27,0.9887446558304605,1.104021241916568
2006-03-28,0.9832268097575751,1.097070328413529
2006-03-29,0.990440196891022,1.104021241916568
2006-03-30,0.9981726687951764,1.1030037145381353
2006-03-31,0.997466420003906,1.1012236987007535
2006-04-03,0.9978643349519174,1.101053985647229
2006-04-04,1.0045418337507386,1.1086827188181336
2006-04-05,1.0046986558322029,1.1126667515231907
2006-04-06,1.0052101187105282,1.1104625469198366
2006-04-07,0.9921707469642234,1.100121690266916
2006-04-10,0.996316362665438,1.1019018938399765
2006-04-11,0.9985213497244634,1.092578189094131
2006-04-12,0.998840824117108,1.0940194358993391
2006-04-13,0.9924766100143594,1.093510484474444
2006-04-17,0.989277131517081,1.091730937976259
2006-04-18,1.0102329806009829,1.1095305331430414
2006-04-19,1.0174015851699776,1.1116495996161149
2006-04-20,1.016880289773286,1.1129208517642806
2006-04-21,1.0247901386022025,1.1127516080499529
2006-04-24,1.0189128961829292,1.1117339868036806
2006-04-25,1.0152386692295507,1.106987653375353
2006-04-26,1.009548224456154,1.106987653375353
2006-04-27,1.0071911548893426,1.1114798865625908
2006-04-28,1.0152368407451458,1.1154641070033264
2006-05-01,1.0157772355115753,1.10724222295564
2006-05-02,1.0282963462542007,1.1154641070033264
2006-05-03,1.0190885446785918,1.1104625469198366
2006-05-04,1.0200085960212957,1.1152095374230395
2006-05-05,1.0308796194432155,1.1247872485421355
2006-05-08,1.026199577579808,1.1244488549813194
2006-05-09,1.0282916976678085,1.1263980206651896
2006-05-10,1.026840403414009,1.1252961999670306
2006-05-11,1.0205762705166852,1.1114798865625908
2006-05-12,1.006487411787666,1.0977486174205917
2006-05-15,1.007866148533156,1.0998676838936652
2006-05-16,1.0104356656836115,1.097663760893829
2006-05-17,0.9894404659297216,1.076897284929065
2006-05-18,0.9833436021911578,1.0713878059669129
2006-05-19,0.9885908422008244,1.078931682611055
2006-05-22,0.9904592174115858,1.0709637110687802
2006-05-23,0.9861280536407556,1.0633352595013938
2006-05-24,0.9866669457737206,1.0709637110687802
2006-05-25,1.0016915353056877,1.0838477290929072
2006-05-26,1.0010909507390997,1.0896113082961494
2006-05-30,0.9849015084676996,1.0705402732455227
2006-05-31,0.9940724694722406,1.0828305771858318
2006-06-01,0.9996018808104228,1.093595528736885
2006-06-02,1.0059427185360437,1.095290312576147
2006-06-05,0.9856993785174027,1.079354838830794
2006-06-06,0.9931105979847368,1.075794994891709
2006-06-07,0.9767513894552968,1.0684212067724488
2006-06-08,0.9857777143899408,1.067997299609995
2006-06-09,0.97235724812947,1.0646065116495589
2006-06-12,0.9646855555575268,1.0514692381948958
2006-06-13,0.9483623920536164,1.0404496231957163
2006-06-14,0.9610449463088964,1.0485017003220387
2006-06-15,0.9757930670531566,1.070285515929557
2006-06-16,0.9705707873233268,1.063928316510336
2006-06-19,0.9549996856299454,1.0544354619180023
2006-06-20,0.9547448381032084,1.0581646434392546
2006-06-21,0.9604873273928074,1.0671491098137291
2006-06-22,0.9573498252459044,1.061640194058613
2006-06-23,0.9575100885198335,1.0611977010639702
2006-06-26,0.9647356667466048,1.0658790779474752
2006-06-27,0.9680810568203424,1.0565156671055895
2006-06-28,0.9821629859871096,1.064261641207828
2006-06-29,0.9979629625278024,1.084860844682891
2006-06-30,0.9846518713352668,1.085712319853533
2006-07-03,0.9967229647875994,1.0903937906048775
2006-07-05,1.0001228532066369,1.0836693801981632
2006-07-06,1.0109767284348594,1.086393331027936
2006-07-07,1.0026450071293658,1.0802646997975052
2006-07-10,1.0064024538183032,1.0811157994967902
2006-07-11,1.0125535901556515,1.086563419552818
2006-07-12,1.009890823329267,1.0754979970480412
2006-07-13,1.0057909800517184,1.057622556667073
2006-07-14,1.0061791847681487,1.053792091747174
2006-07-17,1.0011647679215503,1.0516636384901663
2006-07-18,1.0080276391491578,1.0571115401497124
2006-07-19,1.013884766229321,1.071497068131903
2006-07-20,1.004993626479812,1.0643467793381085
2006-07-21,0.9991109116271428,1.0577928329276336
2006-07-24,1.0169418261554686,1.0758377047586083
2006-07-25,1.0214442881381367,1.0800090976709855
2006-07-26,1.029049909322214,1.0820520373263556
2006-07-27,1.0274755461315892,1.080605064582948
2006-07-28,1.0370781943062657,1.0915856305609626
2006-07-31,1.0396007296827423,1.0899681938213155
2006-08-01,1.0419521160360756,1.0855418558572938
2006-08-02,1.04520909745531,1.092096459342644
2006-08-03,1.045874778419752,1.093798940344732
2006-08-04,1.0497002214685007,1.0917560945572016
2006-08-07,1.053223402047949,1.0910746140436018
2006-08-08,1.049089006999722,1.086818927811498
2006-08-09,1.0485003815054084,1.0822224074547553
2006-08-10,1.056913133825274,1.0861375411657377
2006-08-11,1.058309233309583,1.0837543305927646
2006-08-14,1.0580147120721828,1.0846057118955676
2006-08-15,1.0577567400247063,1.09703325061699
2006-08-16,1.0540269894134082,1.1065672193229543
2006-08-17,1.061411239361894,1.1085244576410078
2006-08-18,1.0718080034575987,1.1143979560841155
2006-08-21,1.0779990388317169,1.1103121706412151
2006-08-22,1.0814892431306142,1.1101416127771366
2006-08-23,1.0739763639232829,1.1055453740239118
2006-08-24,1.0847589823039732,1.1061414348037133
2006-08-25,1.081967223861225,1.107418037418721
2006-08-28,1.0800932692186191,1.112610618555265
2006-08-29,1.077098493678219,1.114057591298673
2006-08-30,1.067931614690075,1.1146533704749562
2006-08-31,1.059444988181146,1.113972265432714
2006-09-01,1.064423414867382,1.1206967697072676
2006-09-05,1.065727781225992,1.1232502565408011
2006-09-06,1.0535302991407842,1.1130361214709878
2006-09-07,1.0593720353487872,1.1085244576410074
2006-09-08,1.050903229199044,1.1109927124764214
2006-09-11,1.0391277918152422,1.112355016428746
2006-09-12,1.040008430721174,1.1227398970983162
2006-09-13,1.0482563758963104,1.1273365113228986
2006-09-14,1.0415145778809811,1.1278466830297051
2006-09-15,1.041864057127201,1.1305707277273171
2006-09-18,1.057275929443374,1.131932374604766
2006-09-19,1.0496710803389455,1.12903852298579
2006-09-20,1.0390894749060873,1.134401098779377
2006-09-21,1.0409700945376126,1.1296345837655912
2006-09-22,1.041646166274906,1.1261444836311347
2006-09-25,1.0493692914171664,1.1344863307774964
2006-09-26,1.0690742438549343,1.1442754322707835
2006-09-27,1.074208903602433,1.145549688189808
2006-09-28,1.0790525014107142,1.1458053841841669
2006-09-29,1.0734155610063492,1.1437539025554169
2006-10-02,1.0750869423256897,1.139392521136218
2006-10-03,1.0632024844145878,1.1420432550513069
2006-10-04,1.079274367426882,1.155810944914969
2006-10-05,1.0882563042401083,1.1578631774864334
2006-10-06,1.0881505936793456,1.155982159853923
2006-10-09,1.0795000798577277,1.157093742807373
2006-10-10,1.0872834696667215,1.1587184073706496
2006-10-11,1.0794460333932625,1.1568372020024609
2006-10-12,1.090380200791063,1.1676977110139606
2006-10-13,1.0941615949740369,1.1702631190630903
2006-10-16,1.1018569961878697,1.1722296502972382
2006-10-17,1.0979994383056275,1.168125279022149
2006-10-18,1.0957949715484352,1.170177699329292
2006-10-19,1.097312691844693,1.1713746081487009
2006-10-20,1.0981197752748468,1.1717165686874125
2006-10-23,1.1022951375147494,1.177360560263337
2006-10-24,1.1005950697564757,1.1810383022086317
2006-10-25,1.1133427984935296,1.1854847278902718
2006-10-26,1.1186867418172166,1.1882208815391588
2006-10-27,1.1122959822067615,1.1817225048895723
2006-10-30,1.1064722230768766,1.1805244696560913
2006-10-31,1.1106337097658556,1.1804386744509356
2006-11-01,1.104607914598582,1.1718875020228487
2006-11-02,1.1033413958162603,1.1706048918661232
2006-11-03,1.1129361369817488,1.168980508906365
2006-11-06,1.1263911567973384,1.1827481049021884
2006-11-07,1.126396973122343,1.1871095801892269
2006-11-08,1.1416108343138942,1.1891617188928518
2006-11-09,1.1452356414418154,1.1831754851746978
2006-11-10,1.1419285654343097,1.1845437028009005
2006-11-13,1.1444814364491704,1.1871095801892266
2006-11-14,1.1476444237957069,1.195661128088671
2006-11-15,1.1534630834897126,1.1988243804065497
2006-11-16,1.1360156248216402,1.2023304380736934
2006-11-17,1.1435530337648965,1.2026732434229588
2006-11-20,1.1340606824678738,1.2034428658376977
2006-11-21,1.1405856416815106,1.2044687474538316
2006-11-22,1.1386180282971856,1.2068629405640074
2006-11-24,1.1298439802760387,1.2019034332725416
2006-11-27,1.1275663755655674,1.1853989326851164
2006-11-28,1.1399192144289647,1.1903591909192972
2006-11-29,1.1591115449239042,1.2026732434229588
2006-11-30,1.165400366540462,1.2036137991731335
2006-12-01,1.1689980839087706,1.2007917564512518
2006-12-04,1.175680179179873,1.210283578497353
2006-12-05,1.1768015975288773,1.2152431796566583
2006-12-06,1.158586195957409,1.214388419111639
2006-12-07,1.153699556647968,1.209599375816412
2006-12-08,1.1531865624395805,1.2109678750461326
2006-12-11,1.1512471298590814,1.2150724340569006
2006-12-12,1.1648964808109163,1.2132764606868314
2006-12-13,1.1733226765231204,1.215157853790699
2006-12-14,1.1951545974300932,1.2248210785114328
2006-12-15,1.1968549245672595,1.2249922934503867
2006-12-18,1.188630264830553,1.222512211267216
2006-12-19,1.2024123219153369,1.2239660363628957
2006-12-20,1.195830828261785,1.2243932288997263
2006-12-21,1.1925894886615336,1.219993643269916
2006-12-22,1.185736688075933,1.2117430356633925
2006-12-26,1.1934664971355942,1.2194780272284282
2006-12-27,1.202904692804362,1.226610668868427
2006-12-28,1.202274306906456,1.2246343753789877
2006-12-29,1.1922945311863578,1.2203371995618963
2007-01-03,1.1789627027067962,1.2170717251669778
2007-01-04,1.1632703563867506,1.2203371995618963
2007-01-05,1.1655882060209093,1.2109694707994014
2007-01-08,1.160015637715311,1.216040023744805
2007-01-09,1.1548497624752454,1.2150089793975076
2007-01-10,1.144833073819088,1.2182745476602654
2007-01-11,1.1494374196918626,1.224634375378988
2007-01-12,1.164543028550606,1.2338293873170996
2007-01-16,1.1579116603305286,1.231337383918333
2007-01-17,1.1638721447559766,1.231337383918333
2007-01-18,1.1595204707200932,1.2276423702906
2007-01-19,1.1603066087848102,1.2308213924054876
2007-01-22,1.151885643555458,1.2264387968545978
2007-01-23,1.163943696552313,1.2306498019951762
2007-01-24,1.1689001552879714,1.2394157440396705
2007-01-25,1.1522566414046531,1.2259233685487885
2007-01-26,1.149564487460132,1.2243763326886454
2007-01-29,1.1473480771338,1.2235169726194988
2007-01-30,1.1562383190260537,1.2296185699122002
2007-01-31,1.1538240468944778,1.2377826313708535
2007-02-01,1.1652124914433222,1.2453452815828636
2007-02-02,1.1699774461961931,1.2467210086362133
2007-02-05,1.1724810075343226,1.2486976775970096
2007-02-06,1.1697610673364875,1.247322419882857
2007-02-07,1.1637793635411389,1.2504158345282672
2007-02-08,1.1652898893229824,1.2481814044806463
2007-02-09,1.1603271083614357,1.23967275418378
2007-02-12,1.1560182559062853,1.2358063378814146
2007-02-13,1.165588588261948,1.245259767981226
2007-02-14,1.1761099554602947,1.2535097185128743
2007-02-15,1.1693964094979503,1.255572370414506
2007-02-16,1.165410843145509,1.2560017219116415
2007-02-20,1.1646510387475977,1.257806049519412
2007-02-21,1.1612080858904064,1.2568611758486277
2007-02-22,1.1609632105306338,1.2557443362961749
2007-02-23,1.1583158419619444,1.2517906229032238
2007-02-26,1.1631387856548774,1.2506739710864496
2007-02-27,1.1211262076317132,1.2015161345674297
2007-02-28,1.123023644628159,1.2143215852100298
2007-03-01,1.1178147693673646,1.210024033921581
2007-03-02,1.1070266859065274,1.1951567761879036
2007-03-05,1.102541704652979,1.1826098375748424
2007-03-06,1.114225897377828,1.2034075715301062
2007-03-07,1.1150271349746086,1.2010006123937806
2007-03-08,1.1185502379655257,1.2117430356633927
2007-03-09,1.1100787144000934,1.2117430356633927
2007-03-12,1.1093404037820864,1.2144930817525017
2007-03-13,1.095845601656837,1.1908596942386518
2007-03-14,1.1090206216881875,1.20005517551596
2007-03-15,1.108724453847867,1.2010006123937806
2007-03-16,1.0989319290988548,1.1973911123676857
2007-03-19,1.1144947471505382,1.2120010783537352
2007-03-20,1.124147252821087,1.2186181039522457
2007-03-21,1.1448770178181429,1.2385561962348448
2007-03-22,1.1596836823775898,1.2385561962348448
2007-03-23,1.1659292407510016,1.2402749163731386
2007-03-26,1.1724647369278842,1.238039453779285
2007-03-27,1.171927697436124,1.2343275439404708
2007-03-28,1.1673824061388909,1.2261269678923143
2007-03-29,1.1736815533732885,1.2273355163238011
2007-03-30,1.1638651990995652,1.228716218372636
2007-04-02,1.1695220599409402,1.2292338995065897
2007-04-03,1.1758457769770028,1.2427007429451715
2007-04-04,1.1759564930045736,1.2430459888582597
2007-04-05,1.1757919934918537,1.2477069964206282
2007-04-09,1.1687460308830069,1.249261447840079
2007-04-10,1.177194272921876,1.2506423376245923
2007-04-11,1.1707027093190416,1.244340520230581
2007-04-12,1.1794707402238038,1.2516783569673748
2007-04-13,1.182285616874132,1.2558214956601113
2007-04-16,1.1890633762199396,1.2683383026967443
2007-04-17,1.1890904021791204,1.2712732684293513
2007-04-18,1.186316912591298,1.2741219696176056
2007-04-19,1.1777527186269272,1.2730865134818592
2007-04-20,1.2007690306788974,1.2843087891461713
2007-04-23,1.191242481863912,1.2798191842584352
2007-04-24,1.1851579277017077,1.2810279204256008
2007-04-25,1.2059325909788912,1.292336085162908
2007-04-26,1.217422108174072,1.2938040843023275
2007-04-27,1.2288097525832562,1.2936307104030689
2007-04-30,1.2199939732482823,1.2817183183839376
2007-05-01,1.2257437150154873,1.284911983881762
2007-05-02,1.2299865668030872,1.2934584629178818
2007-05-03,1.238348073999318,1.299069600750038
2007-05-04,1.234645361998545,1.305112061303956
2007-05-07,1.2384226094155977,1.3052844965248214
2007-05-08,1.2414145485503625,1.303040304221909
2007-05-09,1.2441514963670384,1.307270176798194
2007-05-10,1.2222099669100848,1.2925084265159337
2007-05-11,1.2418274771248552,1.3042484771820386
2007-05-14,1.2371487406982735,1.3019179264669347
2007-05-15,1.23655829733141,1.301140888492888
2007-05-16,1.2420336057999477,1.3108954466212983
2007-05-17,1.2413463435105472,1.308046933168723
2007-05-18,1.2605831090850217,1.3190959288016155
2007-05-21,1.2654939966874996,1.3190959288016155
2007-05-22,1.261020004719947,1.3168518303665426
2007-05-23,1.266485441700934,1.317629056076268
2007-05-24,1.2569872130780133,1.3064066865441164
2007-05-25,1.2707969645006545,1.31193155983192
2007-05-29,1.2604137907884094,1.3165931306013243
2007-05-30,1.2775911820347818,1.3265200300827609
2007-05-31,1.267897064156168,1.3254842923434966
2007-06-01,1.2759572736863372,1.3311812253808082
2007-06-04,1.2806903064181447,1.3322172447235907
2007-06-05,1.2756718771137523,1.327468940070637
2007-06-06,1.2682711139349496,1.313226560543438
2007-06-07,1.2458579040895588,1.2891419503258863
2007-06-08,1.2599196642625092,1.3058027408658104
2007-06-11,1.265296169012731,1.3079607624922098
2007-06-12,1.2500428592473674,1.2932854644899805
2007-06-13,1.2703608992744444,1.3133123557485942
2007-06-14,1.285676060890796,1.321254513635051
2007-06-15,1.3007686371663825,1.3282459780446845
2007-06-18,1.304018844511924,1.3275556739541865
2007-06-19,1.315220817695374,1.3298002417284562
2007-06-20,1.2842305955657656,1.31080861886991
2007-06-21,1.2981326666909254,1.318664324476336
2007-06-22,1.274156055601435,1.304938687404697
2007-06-25,1.27236280331157,1.301573337628722
2007-06-26,1.2647295138871544,1.2881925709988138
2007-06-27,1.2807043405423764,1.3067521201928836
2007-06-28,1.2826150462360797,1.3060616283667073
2007-06-29,1.2873387323615282,1.304995759051015
2007-07-02,1.295820095338872,1.3181742404871477
2007-07-03,1.306670993552671,1.323463505498211
2007-07-05,1.302691070488635,1.3222490433928455
2007-07-06,1.3139916287673634,1.32875201956656
2007-07-09,1.3249638049163883,1.328318537884493
2007-07-10,1.3066833972471592,1.3096771359345205
2007-07-11,1.3180063380186138,1.320081447246834
2007-07-12,1.3502786419252055,1.342537919791054
2007-07-13,1.3635053671037427,1.3447931884990083
2007-07-16,1.365854482718171,1.3443593313455844
2007-07-17,1.3679915715638848,1.3433185247429955
2007-07-18,1.383715330552373,1.3414980518668589
2007-07-19,1.397764543722553,1.3458329625553642
2007-07-20,1.3866954458418148,1.333521162879847
2007-07-23,1.4099214676954162,1.3382894613825795
2007-07-24,1.377785256738087,1.3140124220943834
2007-07-25,1.39857656211782,1.3164400321553635
2007-07-26,1.3443641311931993,1.2869602740039745
2007-07-27,1.3100023862632724,1.2609485570447971
2007-07-30,1.320266321377901,1.280284487138038
2007-07-31,1.3053256449451482,1.2633767303128134
2007-08-01,1.314447081955219,1.2703126249615584
2007-08-02,1.3093656601500534,1.280631141068716
2007-08-03,1.2676786868015293,1.2476828723859188
2007-08-06,1.2950343055992513,1.2690992892702646
2007-08-07,1.3201633194774718,1.2821920693690811
2007-08-08,1.3536097804306966,1.3007462680963084
2007-08-09,1.2965832249001106,1.2619897391187431
2007-08-10,1.2956818608419736,1.2560935246585154
2007-08-13,1.2800347913040746,1.261295398711154
2007-08-14,1.2755077541225577,1.2433478678295735
2007-08-15,1.2517269932773607,1.2247062781439222
2007-08-16,1.246171854905932,1.2359782098952443
2007-08-17,1.2951389093979735,1.2572208774089746
2007-08-20,1.2957360958950277,1.2556599491086091
2007-08-21,1.2845663735304775,1.2568744112139751
2007-08-22,1.299044993560195,1.2736946832129357
2007-08-23,1.3003677986481048,1.2719602871454725
2007-08-24,1.3223302784009652,1.2880010806065638
2007-08-27,1.311576975199935,1.2749952221269751
2007-08-28,1.27919269980671,1.248376649586472
2007-08-29,1.3087639917831118,1.2741284464985208
2007-08-30,1.3062467946736327,1.269012273783198
2007-08-31,1.315552700391072,1.2799370822646456
2007-09-04,1.3318160012230802,1.2962385467155806
2007-09-05,1.3278824174142334,1.2837523405945712
2007-09-06,1.3390124906926957,1.287133366299716
2007-09-07,1.3141507128482557,1.2693591154495552
2007-09-10,1.3116633229407884,1.2650236415540137
2007-09-11,1.3351989781700082,1.280717687216587
2007-09-12,1.3471279863694097,1.2836655128431829
2007-09-13,1.3642672463250602,1.2928561129928458
2007-09-14,1.3626151124780563,1.2934624992349746
2007-09-17,1.3658751523994204,1.2862672477461368
2007-09-18,1.4090918636858818,1.3226829005462706
2007-09-19,1.4136466269570258,1.3304863217661844
2007-09-20,1.4100330942637131,1.3239829701211132
2007-09-21,1.4122219077574285,1.3252843538457064
2007-09-24,1.4014712691739153,1.3230297422126276
2007-09-25,1.4069523440449734,1.321208987732973
2007-09-26,1.4130486284982628,1.328673170581516
2007-09-27,1.4202536384082671,1.3359024022281945
2007-09-28,1.4165563215591297,1.3323312002805494
2007-10-01,1.4378063149327611,1.3458313668020965
2007-10-02,1.423166327075747,1.3449604609887107
2007-10-03,1.407066357009917,1.342173149367384
2007-10-04,1.4052366780073908,1.3433055709811677
2007-10-05,1.4102799838596625,1.3599412049401487
2007-10-08,1.4007279910951185,1.3523632542703266
2007-10-09,1.4258499225148626,1.3656026559341905
2007-10-10,1.4273474785207614,1.3627284226936358
2007-10-11,1.4201566524645806,1.3569798623446878
2007-10-12,1.4202180791557242,1.3648184840043538
2007-10-15,1.429935181746942,1.3521894110318713
2007-10-16,1.4285210612537438,1.3425220561262063
2007-10-17,1.4321483478679606,1.3467898513095846
2007-10-18,1.4316840577649457,1.3409539938700517
2007-10-19,1.3945021951098968,1.3086409288560594
2007-10-22,1.3847453561026004,1.3134314740367157
2007-10-23,1.392988791800691,1.3246672666698924
2007-10-24,1.396941506770606,1.3213568295799307
2007-10-25,1.3907776695777363,1.3258863282993856
2007-10-26,1.3996887204098567,1.3404312438727737
2007-10-29,1.4151663823803262,1.344785772939701
2007-10-30,1.39102738606105,1.3345089341532093
2007-10-31,1.4080325238081213,1.3511447558478693
2007-11-01,1.3644996854665252,1.3177861908393216
2007-11-02,1.359042072604595,1.3190055340723328
2007-11-05,1.35478668732306,1.30837960079134
2007-11-06,1.379927610824263,1.3269314528225835
2007-11-07,1.338725090759758,1.291395247809215
2007-11-08,1.358742795185594,1.2837310325950406
2007-11-09,1.3261101602172989,1.2661368202607317
2007-11-12,1.3027155049826866,1.2543790285729914
2007-11-13,1.3374570592922903,1.291047279728786
2007-11-14,1.3294456508922674,1.2870407187422876
2007-11-15,1.3030459345263925,1.2688367409236336
2007-11-16,1.3132992892616158,1.2733662396430887
2007-11-19,1.2974834082905151,1.2545529656792864
2007-11-20,1.3306738207484206,1.2611728073129775
2007-11-21,1.311760633719255,1.23556566074135
2007-11-23,1.3301480440165774,1.2574273866555192
2007-11-26,1.2931415245998512,1.2290338671409586
2007-11-27,1.3093044766570332,1.245320500473278
2007-11-28,1.3372107678867309,1.2838181419499466
2007-11-29,1.3392273950097993,1.284514829053519
2007-11-30,1.3465727826738505,1.295576309109044
2007-12-03,1.3255340019282866,1.2869535155195415
2007-12-04,1.3096231583388849,1.2765018009483615
2007-12-05,1.3326350891453131,1.2994084636500507
2007-12-06,1.3542217272283328,1.316740596976926
2007-12-07,1.3543841206861182,1.315434425992526
2007-12-10,1.3617541230824644,1.3274542028198606
2007-12-11,1.340277296203465,1.2924400907288949
2007-12-12,1.3585897246700485,1.3005405097924765
2007-12-13,1.3704914004745956,1.3021954936678588
2007-12-14,1.347117339456093,1.282946766797364
2007-12-17,1.329287329473275,1.2657017428253952
2007-12-18,1.3479013937253923,1.2737146770627137
2007-12-19,1.344928852727204,1.2722335364257862
2007-12-20,1.354988849732055,1.2812053306419504
2007-12-21,1.3755158548551,1.2981009785159
2007-12-24,1.3829166515571552,1.3078567569262218
2007-12-26,1.393969960120135,1.3122986769515737
2007-12-27,1.3784389015536804,1.2970458101338922
2007-12-28,1.3929278474243727,1.2924045148177843
2007-12-31,1.3770127762212754,1.284874342878186
2008-01-02,1.3711567735105608,1.2688507272316938
2008-01-03,1.3746955449309457,1.2671875768542888
2008-01-04,1.3480661952762487,1.2363656024681942
2008-01-07,1.3418833641067622,1.241881933782618
2008-01-08,1.320424505845933,1.2189413847909276
2008-01-09,1.3399624852085346,1.2350522975280047
2008-01-10,1.342514007286774,1.2437207108874258
2008-01-11,1.3196764593354298,1.2286605547439071
2008-01-14,1.3285456420344004,1.24118167970115
2008-01-15,1.299067828521809,1.2104472840091585
2008-01-16,1.276120952155628,1.2027421424170324
2008-01-17,1.233400918448018,1.1689438065811824
2008-01-18,1.2591621393439891,1.1627268457139337
2008-01-22,1.23100379656386,1.1488925096843403
2008-01-23,1.247641938244856,1.173846711565527
2008-01-24,1.2723612553161825,1.184003962724701
2008-01-25,1.2443036623115875,1.1664044937913889
2008-01-28,1.2651440119823647,1.1868934964230673
2008-01-29,1.2652128145575037,1.193198317587937
2008-01-30,1.2695086200614711,1.187243623463801
2008-01-31,1.2790945073587148,1.204318183439531
2008-02-01,1.2921952928777691,1.2232311450487108
2008-02-04,1.2767907186578744,1.210972756173777
2008-02-05,1.2299667864080552,1.1734091935663689
2008-02-06,1.223549452513165,1.1643905592983748
2008-02-07,1.2314871347663987,1.1731463636162205
2008-02-08,1.224548245723838,1.1678927683841058
2008-02-11,1.2410547339180271,1.1748100772006616
2008-02-12,1.2568204982795543,1.183916290162759
2008-02-13,1.2754758905098946,1.1986266008690616
2008-02-14,1.2681082465898967,1.1840915414188042
2008-02-15,1.2661440288968262,1.1847044045418476
2008-02-19,1.2803796714954507,1.1847919832359506
2008-02-20,1.2917206372084769,1.1939858687599902
2008-02-21,1.2757227809271738,1.1802392052923398
2008-02-22,1.276177588822828,1.1901326878229714
2008-02-25,1.303591814844329,1.2047557953065289
2008-02-26,1.3070857053330698,1.213599741525513
2008-02-27,1.3034626525608315,1.2117610582885443
2008-02-28,1.3010621527315305,1.2012533046172795
2008-02-29,1.269107872422524,1.1711321475196883
2008-03-03,1.2796048022683897,1.1706944417848515
2008-03-04,1.271250001443696,1.1658787400232524
2008-03-05,1.277994382161949,1.1749854223245464
2008-03-06,1.2417636111961463,1.1474032025453913
2008-03-07,1.214191735834638,1.1382092231535124
2008-03-10,1.2067178507101608,1.1219226836890324
2008-03-11,1.2695277134452836,1.1611508046914354
2008-03-12,1.2704392291378517,1.1518689650019354
2008-03-13,1.2845450645192156,1.157035075407786
2008-03-14,1.267974910697725,1.133743648432647
2008-03-17,1.273764164687781,1.1221857013748595
2008-03-18,1.323562794446724,1.1699942815712234
2008-03-19,1.278051639071906,1.143200739378193
2008-03-20,1.3091995567655574,1.1675422658720152
2008-03-24,1.3169253767641746,1.1873312021579048
2008-03-25,1.3080979255185834,1.1909312215322267
2008-03-26,1.316181571115631,1.1744729039217563
2008-03-27,1.311545949469565,1.1683123576259504
2008-03-28,1.2993312112588906,1.1583676232550395
2008-03-31,1.298730986031342,1.1637359249868262
2008-04-01,1.3409780126044852,1.2065968252394803
2008-04-02,1.3495414868025035,1.2041319496462828
2008-04-03,1.34436836266189,1.205804299071943
2008-04-04,1.3453724509611928,1.207563945588188
2008-04-07,1.3429968756978046,1.207828746762963
2008-04-08,1.3452896814305686,1.2036043185213592
2008-04-09,1.3392170674784825,1.1938352108778514
2008-04-10,1.342010776581969,1.1983231261444791
2008-04-11,1.2694816415366272,1.175089521758373
2008-04-14,1.2755821456760643,1.1705130891192486
2008-04-15,1.2890629238818034,1.1768495437459756
2008-04-16,1.3121384207651745,1.200611811803238
2008-04-17,1.3139034902904216,1.2024597879563013
2008-04-18,1.328834127817112,1.2249901344900809
2008-04-21,1.3281617844977698,1.222877638765761
2008-04-22,1.3276219374550036,1.2138132908600088
2008-04-23,1.3264280367594057,1.215397873855887
2008-04-24,1.3172767614851897,1.223054391907236
2008-04-25,1.3230136169996636,1.2318550650522857
2008-04-28,1.3207485250279898,1.230622298718249
2008-04-29,1.3097838092566656,1.2253417634162442
2008-04-30,1.3202107279307045,1.2198862584617118
2008-05-01,1.294170747915811,1.242239945721856
2008-05-02,1.2963081640883838,1.2460243215326394
2008-05-05,1.2931956990844218,1.2401279193367327
2008-05-06,1.296027526628844,1.2506006603039244
2008-05-07,1.278420841860064,1.2279824534725234
2008-05-08,1.2891456006590214,1.2328229363437078
2008-05-09,1.2780874432153575,1.2242861256950397
2008-05-12,1.2833512692080833,1.238015517480252
2008-05-13,1.287037445512243,1.237399087379314
2008-05-14,1.2916551392753377,1.2423279937551557
2008-05-15,1.302905407419673,1.2566731585664306
2008-05-16,1.312608942787719,1.257113023261572
2008-05-19,1.332259634282012,1.2594015211846523
2008-05-20,1.3249256212341518,1.248928780217461
2008-05-21,1.3066011092465126,1.2282465037045835
2008-05-22,1.2958990160936923,1.229830805096944
2008-05-23,1.2709070027589888,1.215045118515652
2008-05-27,1.2619855239230755,1.223054391907236
2008-05-28,1.2699808199486278,1.2290386544007634
2008-05-29,1.2609846811921626,1.2345831460669892
2008-05-30,1.2564888024996268,1.2355508296227329
2008-06-02,1.2432957676312222,1.2234942566023777
2008-06-03,1.2241080485264086,1.2172455684054324
2008-06-04,1.2243509236660703,1.2172455684054324
2008-06-05,1.2663050897833978,1.239335862508392
2008-06-06,1.2283547608687453,1.2018440149302387
2008-06-09,1.2504662179476649,1.2041319496462826
2008-06-10,1.242966848906658,1.1995556108749976
2008-06-11,1.2429946072081837,1.1786977076347176
2008-06-12,1.2177483350694678,1.1844184831032214
2008-06-13,1.2314029296443565,1.2023718337908404
2008-06-16,1.2254604548374666,1.2021079712944591
2008-06-17,1.229927944785884,1.193483206480331
2008-06-18,1.2136349423619068,1.1838023346058013
2008-06-19,1.194473891106918,1.1873228479202034
2008-06-20,1.1788777542306974,1.1661122832075272
2008-06-23,1.2055454564142167,1.1659364687444456
2008-06-24,1.2007736540182012,1.1625056930844513
2008-06-25,1.2126936680566325,1.1694027264477096
2008-06-26,1.1814066203247662,1.1348266016950983
2008-06-27,1.1790272111793614,1.1324390732015155
2008-06-30,1.1998731726888188,1.1319087199092517
2008-07-01,1.2078535971690376,1.1369492351460673
2008-07-02,1.1905924139493729,1.1165217159491552
2008-07-03,1.2042156798944397,1.117140586613916
2008-07-07,1.1943350488937643,1.1079437911868568
2008-07-08,1.1979503396119504,1.1273982763611825
2008-07-09,1.1705951345021777,1.1025495819314128
2008-07-10,1.1933238836980504,1.1108619545762215
2008-07-11,1.1881109242314627,1.098835794735812
2008-07-14,1.1809585734707728,1.088577354045831
2008-07-15,1.1431316652730723,1.0754896428103389
2008-07-16,1.1442072149368188,1.102107933747324
2008-07-17,1.1440565867311618,1.1156371054312266
2008-07-18,1.1555036558350102,1.1147530581203335
2008-07-21,1.164873125268795,1.1161676464591692
2008-07-22,1.1748499775954568,1.1305818041323583
2008-07-23,1.1685461631110592,1.135711399948706
2008-07-24,1.1582432960752271,1.1111272250901931
2008-07-25,1.1667571296777823,1.1132494830698043
2008-07-28,1.1431147449067462,1.09529819747465
2008-07-29,1.154936406710758,1.1182899983066197
2008-07-30,1.195677168036457,1.1377446712166237
2008-07-31,1.1489810229516693,1.1235078298919456
2008-08-01,1.1411668226138738,1.1170517876379011
2008-08-04,1.1111027877777109,1.1066174386169991
2008-08-05,1.1424741806426395,1.1376562477119665
2008-08-06,1.1388555936198976,1.143669984707047
2008-08-07,1.1245369184824987,1.124391595599321
2008-08-08,1.1513248425464295,1.1481794895767226
2008-08-11,1.1540565697556897,1.1573766604751394
2008-08-12,1.1390048989970198,1.1453499374276936
2008-08-13,1.145371631051734,1.1411934695017714
2008-08-14,1.1414064339739134,1.147472195407305
2008-08-15,1.141634712853101,1.1521592043611706
2008-08-18,1.130326582679135,1.1366833075572205
2008-08-19,1.1350479555497588,1.1252763938529289
2008-08-20,1.1424022839121433,1.131554650419266
2008-08-21,1.1584171026603294,1.1338544124830667
2008-08-22,1.1630177559107475,1.1472949729266335
2008-08-25,1.1369244055001944,1.1261601595603037
2008-08-26,1.1480285515762263,1.1287250044023975
2008-08-27,1.1522870740509266,1.1382754938480852
2008-08-28,1.167406561645122,1.1544586848214533
2008-08-29,1.146266822212814,1.1402208109505427
2008-09-02,1.1265885929626458,1.1350037303079312
2008-09-03,1.1337931239599666,1.1342075432946594
2008-09-04,1.1039818909781265,1.0991008775141051
2008-09-05,1.101506644536303,1.104406663264892
2008-09-08,1.1290414443604966,1.127133475186408
2008-09-09,1.0823597368131268,1.088931329667978
2008-09-10,1.1008697454534468,1.0945909033052328
2008-09-11,1.1047777797476694,1.1112159301983688
2008-09-12,1.1038801761171693,1.1138687292059226
2008-09-15,1.033973932576486,1.0657624940910155
2008-09-16,1.0705213576454955,1.0792041809486546
2008-09-17,1.0366760614384969,1.030213241447979
2008-09-18,1.0839359507664723,1.0680614113442624
2008-09-19,1.1270644603631326,1.1138687292059226
2008-09-22,1.1135889129895506,1.0754011254378426
2008-09-23,1.085590195981959,1.0560349699003349
2008-09-24,1.083817553480955,1.05585821675886
2008-09-25,1.1240745849477167,1.077461149039972
2008-09-26,1.11790601029824,1.0793281803644212
2008-09-29,1.0253536203229152,0.9991971483701316
2008-09-30,1.0929516474354242,1.0389514924798682
2008-10-01,1.087796079388443,1.0307696899995795
2008-10-02,1.04485447488174,0.9927931088990808
2008-10-03,1.0409744548387658,0.980520639848246
2008-10-06,1.0324375348818249,0.9479699953328876
2008-10-07,1.0055365089812498,0.8929187603888199
2008-10-08,1.019245469576034,0.8749533946177651
2008-10-09,0.9108689628653576,0.817233497001295
2008-10-10,0.8918610976631939,0.8137657374126013
2008-10-13,0.9868390310923932,0.8974543605178317
2008-10-14,0.97885812299051,0.8889163295872523
2008-10-15,0.8604837392191176,0.8074507785210829
2008-10-16,0.9368909803848235,0.8423137633907135
2008-10-17,0.9198694485042236,0.8378671499733947
2008-10-20,0.9930435241760583,0.878243931725787
2008-10-21,0.9627786758389004,0.849962208807879
2008-10-22,0.8775601170601399,0.8034490047943906
2008-10-23,0.9306740393796172,0.8102078646981422
2008-10-24,0.9043519307094172,0.7793471698283202
2008-10-27,0.8749115395865852,0.754000365709099
2008-10-28,0.982769772757765,0.8376889888143294
2008-10-29,0.9767410931190836,0.8207913697157536
2008-10-30,0.9826301278919516,0.850851606585614
2008-10-31,0.976011686884876,0.8661487790234631
2008-11-03,0.9747083114696914,0.8626801746242154
2008-11-04,1.0078345446389103,0.8951420201635593
2008-11-05,0.9658240394874456,0.8525416970329094
2008-11-06,0.9378876722152972,0.8084290691426719
2008-11-07,0.9754606996726116,0.8292400384632826
2008-11-10,0.9794016038549888,0.8223926611870346
2008-11-11,0.9618200549558796,0.8021149550617076
2008-11-12,0.9223875914098384,0.7631603649431377
2008-11-13,0.989324493464367,0.8151884922534597
2008-11-14,0.9632421022606696,0.7803256012516684
2008-11-17,0.9567253001391368,0.7601368818380346
2008-11-18,0.9893403777884056,0.7670735743634135
2008-11-19,0.9551739021337418,0.7237621554158523
2008-11-20,0.9005568971241653,0.6758254925527106
2008-11-21,0.9771372772791672,0.7156690580437388
2008-11-24,1.008881530176052,0.7549785624628487
2008-11-25,0.9929857525912796,0.7671625610751065
2008-11-26,1.0111670471319454,0.7934875619480773
2008-11-28,1.0152883716132255,0.8014921419476944
2008-12-01,0.9475795208519316,0.7314106947008571
2008-12-02,0.9765270058814032,0.7602259624175668
2008-12-03,0.9961236745293716,0.7797025065341371
2008-12-04,0.9662533851723284,0.7565795723306115
2008-12-05,0.9788676825414688,0.7845057238731039
2008-12-08,0.9975922554522694,0.8121645398091595
2008-12-09,0.9679376600676856,0.7972232203502438
2008-12-10,0.9752018814781672,0.8054053044340506
2008-12-11,0.9707874450762536,0.7845057238731039
2008-12-12,0.9763460622324744,0.7885964843114893
2008-12-15,0.9762255837765282,0.7801475808943622
2008-12-16,1.0143569546460032,0.8186570027848677
2008-12-17,0.9936813019081248,0.8105639054127542
2008-12-18,0.9639574582913384,0.7957113849298532
2008-12-19,0.9499168553958725,0.79357664252761
2008-12-22,0.9513090822621696,0.7829937476509543
2008-12-23,0.9477969644926092,0.7734770975613481
2008-12-24,0.9565171945473604,0.7783345235775331
2008-12-26,0.966874415733446,0.7832634299533746
2008-12-29,0.969851717602946,0.7819194302297215
2008-12-30,0.9805695588472124,0.7988573655652934
2008-12-31,0.9940416520927672,0.8093421216159203
2009-01-02,1.0133899897198506,0.8357803740370534
2009-01-05,1.0099204029795148,0.8336292047629259
2009-01-06,0.9997883551770363,0.8389164046815237
2009-01-07,0.9780248349138454,0.8142716850666373
2009-01-08,0.9784964564002384,0.8178562162474685
2009-01-09,0.9643125809305992,0.7999326216649195
2009-01-12,0.9581249851863772,0.7815608081495277
2009-01-13,0.9636707679078952,0.7821878453163109
2009-01-14,0.9328962308443705,0.7574533880470166
2009-01-15,0.9401583985422818,0.7590666946017327
2009-01-16,0.951696805355721,0.7638166419418748
2009-01-20,0.93749153774685,0.7235779867150697
2009-01-21,0.9611902741402402,0.7550339444880586
2009-01-22,0.949751552671242,0.7440111849162612
2009-01-23,0.9411865459568896,0.7458031689031587
2009-01-26,0.9476977386998278,0.7518970690330342
2009-01-27,0.9523214791757916,0.7594248942766493
2009-01-28,0.9657708759686872,0.784697495868873
2009-01-29,0.9512376716815318,0.7593357667631971
2009-01-30,0.9194736813532728,0.7435627313138199
2009-02-02,0.9098141052443623,0.7413223875923205
2009-02-03,0.9257950211038896,0.7521660942605791
2009-02-04,0.9121737373707496,0.7486708313949593
2009-02-05,0.932247782019724,0.7600525885183079
2009-02-06,0.9437900589005424,0.7812920645255003
2009-02-09,0.9300163914361178,0.7830847525211928
2009-02-10,0.896530274951813,0.7458930473593254
2009-02-11,0.8839819557892499,0.7509117383234944
2009-02-12,0.889137831549815,0.7521660942605789
2009-02-13,0.8835150809295828,0.7437418780851979
2009-02-17,0.8541120782432876,0.7111205510868174
2009-02-18,0.8648851503870363,0.7100453888550307
2009-02-19,0.8677140631863579,0.7026969919863116
2009-02-20,0.8548472180945567,0.6957065601229111
2009-02-23,0.8317730402827129,0.6714200871168612
2009-02-24,0.8568913070730048,0.6963336911575337
2009-02-25,0.8577687872678122,0.6897919945000925
2009-02-26,0.8432418740285378,0.6791272468675333
2009-02-27,0.8169334712168841,0.6650572086933605
2009-03-02,0.7872145556323231,0.6344076225942114
2009-03-03,0.781741193802278,0.6289408065650388
2009-03-04,0.7956695449660791,0.6448035327349043
2009-03-05,0.7581889820636094,0.6180075030441313
2009-03-06,0.7725464716659952,0.6179178592575628
2009-03-09,0.7644715457108103,0.6111069496368978
2009-03-10,0.7907026546872392,0.6485675392245512
2009-03-11,0.7792039994134362,0.6517041800099773
2009-03-12,0.7937583374134198,0.6781414468187972
2009-03-13,0.8030015725111781,0.6836080281783714
2009-03-16,0.8081041078458757,0.6819054063745243
2009-03-17,0.8233733782315951,0.7023384168400373
2009-03-18,0.8242083953249789,0.7166771517043174
2009-03-19,0.8056160877121555,0.7087014829992169
2009-03-20,0.7852857230951873,0.6936454101067095
2009-03-23,0.8310895397039075,0.7441905663572372
2009-03-24,0.8183644867465344,0.7299407712707305
2009-03-25,0.8310747299273807,0.7360498310566593
2009-03-26,0.8434982571526806,0.7516605690118195
2009-03-27,0.8337663544510907,0.7381247796452437
2009-03-30,0.8149928659361723,0.7127690580812854
2009-03-31,0.8100330181550347,0.7184538352334028
2009-04-01,0.8260530748595609,0.7332524755765236
2009-04-02,0.8415972165586489,0.7546379630078075
2009-04-03,0.8473490815046058,0.7620376117168056
2009-04-06,0.8412007207953388,0.7557210101380987
2009-04-07,0.824802132911401,0.7381247796452438
2009-04-08,0.8240167252963408,0.7462459435013196
2009-04-09,0.8408075899230467,0.7760239667122077
2009-04-13,0.8286542855978684,0.7769263651856912
2009-04-14,0.8147149263380254,0.7631204711114179
2009-04-15,0.820102345397021,0.7713315603575802
2009-04-16,0.8245290327634383,0.7829722049818253
2009-04-17,0.819943222807973,0.787573700334053
2009-04-20,0.8005065450542266,0.7551793927051136
2009-04-21,0.805949386294983,0.769887919922469
2009-04-22,0.8046027626694002,0.7649256435297425
2009-04-23,0.8064253969981918,0.772414232016514
2009-04-24,0.8060256098537442,0.7838745565213894
2009-04-27,0.8058407572797337,0.777016572179296
2009-04-28,0.8170334910709046,0.7744898376799739
2009-04-29,0.8230295251693759,0.7904614505434724
2009-04-30,0.8141006997674932,0.7912735950894318
2009-05-01,0.8284321116446663,0.7951537160963408
2009-05-04,0.8281431294561925,0.8224947893962344
2009-05-05,0.8166129743768298,0.8190661726965451
2009-05-06,0.8222743432605927,0.833232894745237
2009-05-07,0.8147913067221804,0.8215026063344233
2009-05-08,0.8282202098955705,0.8412645086825836
2009-05-11,0.8193772394396699,0.8248411099083476
2009-05-12,0.8405285295741337,0.8233071216778728
2009-05-13,0.8312346593888403,0.803455575543144
2009-05-14,0.8375143399928362,0.8089599856419717
2009-05-15,0.836806902472552,0.8025531301357406
2009-05-18,0.8530917420593551,0.8251120124926794
2009-05-19,0.8499205565865748,0.8241191723559929
2009-05-20,0.8457889452982865,0.8189759657029407
2009-05-21,0.8267904497635187,0.8067039659913028
2009-05-22,0.8280439681998305,0.8050793014280268
2009-05-26,0.8461899400671301,0.8265556059938709
2009-05-27,0.8326205709688738,0.8111254228276787
2009-05-28,0.844902638401376,0.8223146570125435
2009-05-29,0.8546949265128649,0.8374741253300825
2009-06-01,0.8799513423733187,0.8574163477976126
2009-06-02,0.887054950315853,0.8584990194565464
2009-06-03,0.8887039114985402,0.8476710825852967
2009-06-04,0.8962738134145932,0.8556112692471272
2009-06-05,0.9025938889474672,0.8559721910893849
2009-06-08,0.901965685316474,0.8525435743896955
2009-06-09,0.902276879032447,0.8565136207866912
2009-06-10,0.916361030670928,0.8541678634816144
2009-06-11,0.923410721711054,0.8579576836270795
2009-06-12,0.9320495082518936,0.8607548513715366
2009-06-15,0.9279623777676244,0.8408126289040065
2009-06-16,0.9213537025642142,0.8296237701904992
2009-06-17,0.924802222670182,0.8280897819600244
2009-06-18,0.9212193182032912,0.832962461500102
2009-06-19,0.930564640744608,0.837744934046575
2009-06-22,0.9007688192747366,0.812388883945179
2009-06-23,0.9026780686879566,0.8132055341474267
2009-06-24,0.9022920330661592,0.8200092628783823
2009-06-25,0.917636025311138,0.8374271914104131
2009-06-26,0.9034962289588904,0.834705681144463
2009-06-29,0.9233636556201495,0.8435053217432797
2009-06-30,0.9174082298456454,0.8377897090059396
2009-07-01,0.9269463660148888,0.8403304298133231
2009-07-02,0.9004784726594728,0.8171064938146688
2009-07-06,0.8945907595825826,0.8173779596060367
2009-07-07,0.8713688157030642,0.8013211147444186
2009-07-08,0.8701487702545984,0.8009577523383381
2009-07-09,0.8659030244477975,0.8029542274132352
2009-07-10,0.8596682485463153,0.8005951408749722
2009-07-13,0.8805114302693351,0.8200092628783822
2009-07-14,0.8812255638625569,0.8251805360153966
2009-07-15,0.91561086136214,0.8491302581478186
2009-07-16,0.9223204192457752,0.8567501677418251
2009-07-17,0.9196001387698316,0.857113342412227
2009-07-20,0.9271122834422518,0.8648241160747137
2009-07-21,0.9426570898058884,0.8689976679473959
2009-07-22,0.9391001502528538,0.8694510496114024
2009-07-23,0.964664984842728,0.8886835373456918
2009-07-24,0.925395400728914,0.8925843092772555
2009-07-27,0.9212136393492202,0.8951246546132818
2009-07-28,0.9233577239245896,0.8927658496785369
2009-07-29,0.9273337187445768,0.8884114144794488
2009-07-30,0.9231915335684778,0.8976649060814686
2009-07-31,0.915201234676255,0.8996607240814903
2009-08-03,0.9231748999186548,0.9132681815434016
2009-08-04,0.9216334387933338,0.9160805558778315
2009-08-05,0.9189661059473114,0.9134497219446828
2009-08-06,0.9099244806640264,0.909276827146876
2009-08-07,0.9103908429735676,0.9207073955466808
2009-08-10,0.9057333002699492,0.9193464057441076
2009-08-11,0.8958820422439814,0.907190332814053
2009-08-12,0.9101537659013258,0.9173507754797644
2009-08-13,0.9097885892217882,0.9242453682792
2009-08-14,0.907902368460688,0.916715665678798
2009-08-17,0.8886176662457234,0.8942172342103935
2009-08-18,0.8977701714017395,0.9028350528044108
2009-08-19,0.9085224384848144,0.9099117492121636
2009-08-20,0.9125713520652736,0.9190744706135427
2009-08-21,0.9360841619148764,0.93694578080958
2009-08-24,0.9493477357173286,0.936855479948136
2009-08-25,0.945527728724928,0.9389420681487984
2009-08-26,0.9479159071073714,0.9385790812140754
2009-08-27,0.9476718755078294,0.941481944145628
2009-08-28,0.9429053756217513,0.9410282808781036
2009-08-31,0.9363080834150432,0.932591064006974
2009-09-01,0.9182937045152972,0.911726026810904
2009-09-02,0.913978563563136,0.9081879602105456
2009-09-03,0.9196465378891836,0.915536591748863
2009-09-04,0.9358721392316076,0.9286000850818058
2009-09-08,0.949068813148516,0.936855479948136
2009-09-09,0.9473169135599232,0.9440221017459752
2009-09-10,0.9527950060362316,0.9533663635486358
2009-09-11,0.9457691831791216,0.9538197452126423
2009-09-14,0.9487903511587554,0.958991112217496
2009-09-15,0.949788066779322,0.9619845576140108
2009-09-16,0.9550253403192724,0.9766809758800916
2009-09-17,0.9540147627602666,0.9755016203466388
2009-09-18,0.9541108741060068,0.9761364485440872
2009-09-21,0.952351226141457,0.973324355813175
2009-09-22,0.9636824506105942,0.9792212273482784
2009-09-23,0.9573262860786008,0.9714265358374228
2009-09-24,0.9616564647068644,0.9601225012850468
2009-09-25,0.9521658759057636,0.955928861694746
2009-09-28,0.9634459104467932,0.9719737853407682
2009-09-29,0.9585857316248344,0.9692384765024352
2009-09-30,0.9551305244597896,0.9664125851991404
2009-10-01,0.9294863957317238,0.9418901753789124
2009-10-02,0.9268912480899252,0.9376054839844532
2009-10-05,0.9264280873751864,0.9512797753479736
2009-10-06,0.9428114222495354,0.9644984322193432
2009-10-07,0.9426657745014528,0.9673245112583166
2009-10-08,0.9568066074414946,0.974708624839904
2009-10-09,0.9556778157019372,0.9804514592506524
2009-10-12,0.9644953911067158,0.9848273901849492
2009-10-13,0.967159522669593,0.9830042890093108
2009-10-14,0.9799993351085272,1.0000516273116322
2009-10-15,1.0023017068991642,1.003424674250433
2009-10-16,0.999063703080672,0.9959494149968476
2009-10-19,0.9992463981343,1.0043361309704126
2009-10-20,0.9957562999999844,0.9994136076076462
2009-10-21,1.0018903798278234,0.9896593310827536
2009-10-22,1.0090594752892534,0.9995046594118048
2009-10-23,1.033300912105342,0.9887472172878984
2009-10-26,1.044868608536268,0.977169933455207
2009-10-27,1.0533559838407245,0.9733414397599344
2009-10-28,1.034964142581282,0.955017686578284
2009-10-29,1.0398437306552386,0.9750732075278958
2009-10-30,1.0155914465079765,0.9478158643406924
2009-11-02,1.0216536207257705,0.9538324173709526
2009-11-03,1.0118827961409718,0.9569318395580808
2009-11-04,1.0201431619259598,0.958117108765412
2009-11-05,1.0360237976008273,0.976896496439213
2009-11-06,1.037551562617742,0.9800865949591424
2009-11-09,1.0515564202366463,1.0020573014347842
2009-11-10,1.0504835485737507,1.0017838644187902
2009-11-11,1.054619507641967,1.0071623038772253
2009-11-12,1.053329157670381,0.9970432569286622
2009-11-13,1.0624502245858185,1.0029688520226032
2009-11-16,1.072733088184617,1.0169167681377962
2009-11-17,1.08871869596487,1.0178284125934547
2009-11-18,1.0924927121059802,1.0175550694453002
2009-11-19,1.0817895642968465,1.003971454414581
2009-11-20,1.076789425460406,1.00178386441879
2009-11-23,1.091622999289428,1.014090219759626
2009-11-24,1.0926727063316095,1.014546511326652
2009-11-25,1.0932758742004876,1.0183754743611213
2009-11-27,1.0715094080619831,1.0025131236626132
2009-11-30,1.0766992373965434,1.005521306309904
2009-12-01,1.0951853028727845,1.0171900174181114
2009-12-02,1.0888539422173744,1.0182840470856052
2009-12-03,1.0849360829465542,1.0097144765610078
2009-12-04,1.083468901454539,1.0151845310306375
2009-12-07,1.0765440730084603,1.013635054606672
2009-12-08,1.066888393307648,1.002968852022603
2009-12-09,1.06880761909423,1.0059773162734118
2009-12-10,1.069717557988484,1.0119029113673528
2009-12-11,1.07196649936133,1.0161876027618122
2009-12-14,1.0579136563091236,1.0231156125120524
2009-12-15,1.05281987657247,1.0181932768849644
2009-12-16,1.049897228459073,1.0201074298647612
2009-12-17,1.0382002925018,1.0071623038772246
2009-12-18,1.053939998412433,1.0135435334633165
2009-12-21,1.0591257336318416,1.022933321168056
2009-12-22,1.0657353390709174,1.0269445755465214
2009-12-23,1.0658933812351736,1.0294971237016617
2009-12-24,1.0700356877908022,1.0349775036336186
2009-12-28,1.0761726570151582,1.0368104609323876
2009-12-29,1.0792599430430052,1.035436141896628
2009-12-30,1.0698857532246462,1.034611325192358
2009-12-31,1.0563111069272022,1.0247130554019197
2010-01-04,1.0720325593241058,1.0415760372677794
2010-01-05,1.0739138061643003,1.044600740654794
2010-01-06,1.073681203447969,1.0454259328304214
2010-01-07,1.0656647643689954,1.0500080914077454
2010-01-08,1.068295835746656,1.0535823909940885
2010-01-11,1.0650206457729503,1.0550487943802394
2010-01-12,1.0586932001951823,1.0453340362157086
2010-01-13,1.062779612458095,1.0535823909940885
2010-01-14,1.075525036087101,1.0566983339209404
2010-01-15,1.0699132787433046,1.044784158412862
2010-01-19,1.0758948536771762,1.0577061929119211
2010-01-20,1.0576067598667085,1.047258514657833
2010-01-21,1.0373054071264145,1.0267293365909174
2010-01-22,1.0117555992214002,1.0045509005868187
2010-01-25,1.0176916045226865,1.0095916035593129
2010-01-26,1.0218677371402125,1.0048253701490455
2010-01-27,1.0230477079865024,1.0099579697362524
2010-01-28,1.0088493480712108,0.997860658073624
2010-01-29,0.985188967039241,0.9866794965229424
2010-02-01,1.0008158406809449,1.0022597743642372
2010-02-02,1.006689377509178,1.0148152549506784
2010-02-03,1.0079928852052946,1.0096826553634717
2010-02-04,0.9799167456280908,0.9787979772606984
2010-02-05,0.9841555541632246,0.980905685725212
2010-02-08,0.9777308289481144,0.973298448289516
2010-02-09,0.9890618541867162,0.9859464825655452
2010-02-10,0.9864628100136368,0.9836552624751244
2010-02-11,0.9915983779807644,0.9937366684201124
2010-02-12,0.9849036131672256,0.9933694574326192
2010-02-16,1.0056242206300086,1.0090415380207876
2010-02-17,1.0073939173754176,1.013531799983399
2010-02-18,1.0165794696875934,1.0199472913308494
2010-02-19,1.0118400815797186,1.0220553752667203
2010-02-22,1.0080730553615398,1.022147178013594
2010-02-23,0.99684839419378,1.0093159137151757
2010-02-24,1.0069194366390692,1.0185726906915722
2010-02-25,1.003735395549922,1.017747873987302
2010-02-26,1.004324696487906,1.017747873987302
2010-03-01,1.014130970427919,1.0284707727463316
2010-03-02,1.002994251332039,1.03112864061721
2010-03-03,1.0026200572759738,1.0326866590145556
2010-03-04,1.0059839077642116,1.0355274753043051
2010-03-05,1.0118227550660974,1.0504661664637194
2010-03-08,1.0127203629366823,1.0508326265084982
2010-03-09,1.0181429162511118,1.0520242787289042
2010-03-10,1.0244385944976495,1.056698333920941
2010-03-11,1.0288254046916874,1.0614640979920118
2010-03-12,1.028085539065597,1.0613721075094598
2010-03-15,1.0253845066667946,1.0620139757948586
2010-03-16,1.028740047874514,1.0706286967501777
2010-03-17,1.039098595665521,1.0766769771101343
2010-03-18,1.038868144715631,1.0762188081863215
2010-03-19,1.036267050488777,1.0706286967501777
2010-03-22,1.0360394513004936,1.0764026014157468
2010-03-23,1.0417638097738733,1.084192599534635
2010-03-24,1.0341521802568516,1.0788769576607178
2010-03-25,1.0404246104220105,1.0769168094396449
2010-03-26,1.034610565237949,1.0773765741167265
2010-03-29,1.0378888204732315,1.083359146989146
2010-03-30,1.0400892804901545,1.0839114653558155
2010-03-31,1.0296259411865725,1.0799535279100947
2010-04-01,1.0308399827753718,1.0879608300770525
2010-04-05,1.0367555051331852,1.0967046193114625
2010-04-06,1.035991122400607,1.0988212452207131
2010-04-07,1.0331245804159463,1.093022747181237
2010-04-08,1.0482751403112789,1.0963360941742184
2010-04-09,1.06266211435524,1.1035150126590112
2010-04-12,1.0619327420959903,1.10563192017178
2010-04-13,1.0643364304334382,1.106644284819049
2010-04-14,1.0717535440893984,1.118700951707244
2010-04-15,1.0706149331327444,1.119897578923135
2010-04-16,1.06437860889647,1.102502648011742
2010-04-19,1.0739791034292634,1.1061839569349317
2010-04-20,1.0852791760957994,1.1162162699999456
2010-04-21,1.084340561751215,1.1141912591018894
2010-04-22,1.0833484636609083,1.117044278210753
2010-04-23,1.0786074675862751,1.124130924609476
2010-04-26,1.0820529278435669,1.120265540853343
2010-04-27,1.0702597166628216,1.0940354872998634
2010-04-28,1.0772511836263658,1.1022266765640858
2010-04-29,1.0758255429376884,1.1157559421158278
2010-04-30,1.0606648723518617,1.0974404493040393
2010-05-03,1.0677860893801512,1.1114302304755774
2010-05-04,1.0410013327455865,1.0856600354670187
2010-05-05,1.0332529243478716,1.078941350998504
2010-05-06,0.9958084611124928,1.0418509761692027
2010-05-07,0.973500438544784,1.025836277967448
2010-05-10,1.0218532422836737,1.0723149386160595
2010-05-11,1.0243084202438608,1.0690935821056302
2010-05-12,1.0390298615570093,1.0839114653558155
2010-05-13,1.030211533861002,1.071026508653295
2010-05-14,1.0120896291948291,1.0517905478089502
2010-05-17,1.0102778216122337,1.051883101498538
2010-05-18,1.0027507782269884,1.0381695733781742
2010-05-19,0.992005641704018,1.032095197758881
2010-05-20,0.9540236605098362,0.9933475862260532
2010-05-21,0.9675137460785056,1.0068772272491526
2010-05-24,0.970944437275557,0.9946359223209784
2010-05-25,0.9640584397629564,0.9954643998709828
2010-05-26,0.9586671941280224,0.9890216868501244
2010-05-27,0.9942024340755764,1.022707193543089
2010-05-28,0.9933553163231434,1.0096381620076251
2010-06-01,0.9916868400216862,0.9925190148082096
2010-06-02,1.0099732989853796,1.0184733785175513
2010-06-03,1.014566237078797,1.0219708942113153
2010-06-04,0.9841482617840108,0.9860763956551906
2010-06-07,0.972270428783307,0.9742037097321
2010-06-08,0.9844072385527872,0.9834997234653404
2010-06-09,0.9625457504176276,0.9785294213723504
2010-06-10,0.991918053226401,1.0082571783552727
2010-06-11,0.9976902126957312,1.0123070124157063
2010-06-14,0.9953525955586334,1.0112947416362763
2010-06-15,1.0152175490555753,1.033751589651854
2010-06-16,1.0303623536087707,1.0336596930371411
2010-06-17,1.0403299040390237,1.035500347498736
2010-06-18,1.0486965601713805,1.0364205339277746
2010-06-21,1.0411211442681636,1.033291355635576
2010-06-22,1.0390701150772654,1.0166325363202782
2010-06-23,1.0266491733576584,1.0130829239756811
2010-06-24,1.0145467779660682,0.9969957598019566
2010-06-25,1.002258318896173,1.0009718137406698
2010-06-28,1.0004747027444871,0.997365505221112
2010-06-29,0.9668313663206884,0.9668568616827302
2010-06-30,0.9557940050652206,0.9565023941931056
2010-07-01,0.9460412146462728,0.954190804781548
2010-07-02,0.9426398416261548,0.9485513188619116
2010-07-06,0.9530727777107338,0.9545610195399004
2010-07-07,0.9808662290279349,0.984607739440896
2010-07-08,0.9827139177452496,0.994130068534782
2010-07-09,0.9855413605647448,1.001341465291986
2010-07-12,0.9821404273220712,1.002358241727704
2010-07-13,0.9749436464428743,1.0177053518560812
2010-07-14,0.9755393914273904,1.0173355125690864
2010-07-15,0.9730545885752488,1.0178899898960607
2010-07-16,0.9595762048798608,0.9896921848265218
2010-07-19,0.9546439652814898,0.9957941575905804
2010-07-20,0.9714020572913978,1.006425910677612
2010-07-21,0.9699331759321008,0.993760416983466
2010-07-22,0.9890903874330346,1.0154866916054694
2010-07-23,0.9936258753954424,1.0241763190965811
2010-07-26,0.9976092199584832,1.035270840631553
2010-07-27,1.010550782776303,1.0348088231263273
2010-07-28,1.0050921106103374,1.028060100949224
2010-07-29,0.9948693512033966,1.0230672705747927
2010-07-30,0.987920134918604,1.023344650040039
2010-08-02,1.0150309267903983,1.0459024059829056
2010-08-03,1.0213678002865203,1.0408182422007977
2010-08-04,1.0234713837584033,1.0483066429518906
2010-08-05,1.020827912470596,1.047104853004836
2010-08-06,1.01174286946892,1.042666781560897
2010-08-09,1.0188693345709403,1.0483066429518908
2010-08-10,1.010063783236514,1.04303690245141
2010-08-11,0.9828212776118556,1.014192160233148
2010-08-12,0.9847501297459292,1.0077204420499335
2010-08-13,0.9768092648742632,1.0048544691792411
2010-08-16,0.9736454992549984,1.004577089713995
2010-08-17,0.9898162861983716,1.0166883876846848
2010-08-18,0.9866764932938672,1.0184450304300712
2010-08-19,0.973427239216521,1.0012488177345586
2010-08-20,0.9697562577174308,0.9975510819394848
2010-08-23,0.9669289030649404,0.9938525952016966
2010-08-24,0.9507033967853458,0.979522449244716
2010-08-25,0.9563938726601612,0.98266645865553
2010-08-26,0.9477357979881236,0.976287012558386
2010-08-27,0.9609475437128396,0.9912644711354472
2010-08-30,0.95633047855214,0.9773038828619434
2010-08-31,0.9584096263667552,0.978043749171612
2010-09-01,0.987248646221048,1.006148531212366
2010-09-02,0.9921311689778872,1.015671048041931
2010-09-03,1.0074258290846605,1.0288917700057665
2010-09-07,0.9993620793234262,1.0177978116778306
2010-09-08,1.0111939161004315,1.0240841408783508
2010-09-09,1.0138867326655476,1.0289842298275154
2010-09-10,1.015763796962023,1.0348088231263275
2010-09-13,1.0214410466059085,1.0461800670516703
2010-09-14,1.0235637362677266,1.045348022523771
2010-09-15,1.0278116475578931,1.0492313350372175
2010-09-16,1.040292949875547,1.0485837408136192
2010-09-17,1.0363736001656605,1.0487685665892774
2010-09-20,1.058260199204065,1.0655950338656344
2010-09-21,1.0592624020641892,1.0630065343280273
2010-09-22,1.0665174968759403,1.058291552758039
2010-09-23,1.0664688058823155,1.0496010804563731
2010-09-24,1.0780650455074654,1.070387644138756
2010-09-27,1.075422350004076,1.0654608028553798
2010-09-28,1.0695995944660404,1.0702016919490256
2010-09-29,1.0668730683357943,1.0675059014710544
2010-09-30,1.0612161685205617,1.064344995849159
2010-10-01,1.0647331960526634,1.0690861665463234
2010-10-04,1.054169679562342,1.0610915365376763
2010-10-05,1.0833364641979273,1.0820083887810612
2010-10-06,1.0892606675950105,1.082193965499434
2010-10-07,1.0886031550781463,1.0811715569933555
2010-10-08,1.1025455877424806,1.0869354178001156
2010-10-11,1.106485632157765,1.088143684628085
2010-10-12,1.1140524052716545,1.091491011778907
2010-10-13,1.1199693332669574,1.099578758684178
2010-10-14,1.126389634339249,1.096789663573904
2010-10-15,1.1504130898627427,1.0980914227698546
2010-10-18,1.1656369735154717,1.103110911610658
2010-10-19,1.1393377899161834,1.0887943764903816
2010-10-20,1.148518899824087,1.0990208082471482
2010-10-21,1.1489678833965735,1.1018093401503863
2010-10-22,1.1450209162267726,1.1042265308811998
2010-10-25,1.1466493025533075,1.1067368385086376
2010-10-26,1.1476983803056005,1.1074804595318797
2010-10-27,1.1403986423525114,1.1041336017202543
2010-10-28,1.1395966024676114,1.1049702457722812
2010-10-29,1.133215768716913,1.1052491271229568
2010-11-01,1.1432951697720353,1.1055282900771506
2010-11-02,1.1607696901496496,1.1143596580056638
2010-11-03,1.1686978740180622,1.119286687024719
2010-11-04,1.190901103124842,1.1400178686818914
2010-11-05,1.1935616734670014,1.1448518746721614
2010-11-08,1.1990988398774838,1.142713753027702
2010-11-09,1.2000295079355492,1.1340676802140437
2010-11-10,1.2079486507774386,1.1388093202504044
2010-11-11,1.2108018792360806,1.1346259122545916
2010-11-12,1.186792462207212,1.121146396657699
2010-11-15,1.1807161533185304,1.1196586852720185
2010-11-16,1.1574389364970208,1.101716692592959
2010-11-17,1.1558172521321883,1.1028320302599828
2010-11-18,1.1821360966439949,1.1191010164385065
2010-11-19,1.1805764373800596,1.1216110424624262
2010-11-22,1.191049533231989,1.120867139835666
2010-11-23,1.1720636918111489,1.1046913644216056
2010-11-24,1.191446466553402,1.121238950347287
2010-11-26,1.1866301986273655,1.1090609123428272
2010-11-29,1.1921420437199026,1.1115704690275503
2010-11-30,1.1815661548509593,1.104505130628357
2010-12-01,1.206288497214446,1.1285834517006734
2010-12-02,1.2109978536034485,1.142992728246217
2010-12-03,1.2072481270249005,1.1460605169714877
2010-12-06,1.2136400381378665,1.144666204085949
2010-12-07,1.2109572028452211,1.145502660402297
2010-12-08,1.2196963678157773,1.1496859745302703
2010-12-09,1.2183963633004562,1.1548918849000007
2010-12-10,1.2214434509195098,1.1613992728621638
2010-12-13,1.2251115916493374,1.1617710833737849
2010-12-14,1.220902688229413,1.1629797256731114
2010-12-15,1.218394602681809,1.157866556728648
2010-12-16,1.2231465846567693,1.1638160881216202
2010-12-17,1.2214633665626924,1.1657687269155463
2010-12-20,1.22506991389862,1.168092894617575
2010-12-21,1.23306933843417,1.17534390360298
2010-12-22,1.235634202748897,1.179527405466632
2010-12-23,1.235719398159089,1.177901989960641
2010-12-27,1.236358000417518,1.1785562488008328
2010-12-28,1.2412309587864991,1.1798638278028224
2010-12-29,1.240469114899699,1.1809847975402066
2010-12-30,1.23712391423231,1.1793032490662911
2010-12-31,1.232993868888814,1.1793967414342723
2011-01-03,1.258513186610967,1.191260697648305
2011-01-04,1.264767627527218,1.1905133219114892
2011-01-05,1.2685915170175892,1.196585444702638
2011-01-06,1.271902734399285,1.1943437868313878
2011-01-07,1.2799813720394844,1.192194964253244
2011-01-10,1.2889702647959234,1.190980126676521
2011-01-11,1.2918419215387382,1.1949972947288647
2011-01-12,1.304552965526219,1.2059274536771545
2011-01-13,1.3081205565023164,1.204245999071078
2011-01-14,1.322798476050645,1.211719099364359
2011-01-18,1.3140952131102346,1.2148020946796023
2011-01-19,1.3066973270511906,1.2025641689936446
2011-01-20,1.2904247825169783,1.2010696052556922
2011-01-21,1.28835652137941,1.203685514202386
2011-01-24,1.3067220685266394,1.2107851143629376
2011-01-25,1.3153568891136722,1.2105984112304926
2011-01-26,1.328129958334912,1.2163903385212151
2011-01-27,1.328613298687417,1.2192858797612995
2011-01-28,1.307227530092022,1.1970524372033484
2011-01-31,1.3272406234433658,1.206487844678007
2011-02-01,1.3646019095531785,1.2260120736569613
2011-02-02,1.359167089449629,1.22358314944623
2011-02-03,1.3576445117286997,1.226105378289264
2011-02-04,1.362490567434582,1.2296549906338612
2011-02-07,1.3784845777364167,1.2374089435024436
2011-02-08,1.381020896520987,1.243387573925611
2011-02-09,1.3834813616888195,1.240211461713743
2011-02-10,1.3814735915374323,1.2407724159216318
2011-02-11,1.3830355424962948,1.2480590008181462
2011-02-14,1.4045645120048358,1.2509545420582304
2011-02-15,1.39035566537471,1.247124452609689
2011-02-16,1.40263519617808,1.2546911391387905
2011-02-17,1.3944919747099485,1.2588949164557397
2011-02-18,1.3839887600949252,1.2615107315345944
2011-02-22,1.367633422118978,1.2363815600008805
2011-02-23,1.388816595483511,1.2286278887358162
2011-02-24,1.380463155274135,1.2278805129990005
2011-02-25,1.3859579319371125,1.2403983525818667
2011-02-28,1.3976068972479203,1.248245328479234
2011-03-01,1.383905094317148,1.2278805129990005
2011-03-02,1.3917931663926617,1.2298417876341454
2011-03-03,1.4126674423364958,1.2510479405583723
2011-03-04,1.4075790168185016,1.242080088791461
2011-03-07,1.3953796124449258,1.232737985949105
2011-03-08,1.395212373612139,1.2428269013212403
2011-03-09,1.3868468621891294,1.241239032950985
2011-03-10,1.3510246679890752,1.218538785628002
2011-03-11,1.367652110838594,1.2276937159987162
2011-03-14,1.3728952703003467,1.2194729583651018
2011-03-15,1.3486213281409598,1.2059274536771547
2011-03-16,1.3009501720187189,1.1833203232507956
2011-03-17,1.3251506797397643,1.1982671809122325
2011-03-18,1.3146962102887343,1.2030317247013915
2011-03-21,1.3480391972634729,1.2216213116040493
2011-03-22,1.349586547535062,1.21732385418344
2011-03-23,1.345882579296076,1.2206871388669496
2011-03-24,1.3585105248308749,1.2325513766844995
2011-03-25,1.3788522799416123,1.2362019908242252
2011-03-28,1.3754387561389223,1.233480011219079
2011-03-29,1.3747054249271915,1.2418324654312851
2011-03-30,1.3800416195022045,1.2499963391542603
2011-03-31,1.3768970374710905,1.248213882753056
2011-04-01,1.3734212245651003,1.2538445450957945
2011-04-04,1.3682031508971,1.255627189232678
2011-04-05,1.3680327053335724,1.2542196409817925
2011-04-06,1.3643937283894263,1.258348699498628
2011-04-07,1.3691533409619818,1.2554398290253577
2011-04-08,1.3646362363046176,1.2509349236798095
2011-04-11,1.3497285903127132,1.2472752982275075
2011-04-12,1.336960078845001,1.2377034069144504
2011-04-13,1.3442710101668032,1.2376092574715938
2011-04-14,1.339097842218084,1.2386418037043203
2011-04-15,1.3360189999499668,1.2439910502647211
2011-04-18,1.3352127935612244,1.2293514220414403
2011-04-19,1.352899852546256,1.2361076536456908
2011-04-20,1.3769400087434522,1.2539380374637763
2011-04-21,1.3992751134572026,1.2594748319671758
2011-04-25,1.4027732712453276,1.2585367167808237
2011-04-26,1.4072661636317707,1.269046817148072
2011-04-27,1.409629312061688,1.277211066342404
2011-04-28,1.399268599761034,1.2816221038486135
2011-04-29,1.4112034771959077,1.285094275225756
2011-05-02,1.3953422399989424,1.2831233322031592
2011-05-03,1.3882968424251356,1.2780558768964534
2011-05-04,1.3845064436482113,1.269516344080445
2011-05-05,1.3611888909947116,1.2587243585916617
2011-05-06,1.3615736590606873,1.263228794598013
2011-05-09,1.36740963004636,1.2685780411584138
2011-05-10,1.372406532112977,1.279464082222214
2011-05-11,1.3537608695146537,1.2662316267784617
2011-05-12,1.3518708820337104,1.2717685151497005
2011-05-13,1.338250511286441,1.262196248365286
2011-05-16,1.3187152821891153,1.2541260547459712
2011-05-17,1.3257842504881303,1.253844545095794
2011-05-18,1.3440467651767165,1.265293136120752
2011-05-19,1.3501561436416083,1.267733230604364
2011-05-20,1.3333527338132467,1.2583486994986273
2011-05-23,1.324407238723978,1.2431466151820283
2011-05-24,1.3250107726310087,1.242677369853174
2011-05-25,1.3396420143426744,1.2463369014376366
2011-05-26,1.3395647409206315,1.2524368091092295
2011-05-27,1.3463397125127856,1.257504452151614
2011-05-31,1.3740293922341462,1.2697978537306212
2011-06-01,1.3576984348000651,1.241832465431285
2011-06-02,1.3532007290292931,1.2402373692374002
2011-06-03,1.3466552450820215,1.228225383440731
2011-06-06,1.3286165431390988,1.2152745315149949
2011-06-07,1.3142439407098154,1.214148962253483
2011-06-08,1.3208113960729473,1.2091750931825982
2011-06-09,1.322716371915022,1.2182779269024793
2011-06-10,1.300158911430795,1.201573581685102
2011-06-13,1.297098983100964,1.202511696871454
2011-06-14,1.3181285603266713,1.2176210397627862
2011-06-15,1.29277436632795,1.1960365055781843
2011-06-16,1.2941327597616492,1.1981952781472982
2011-06-17,1.2826944165473118,1.202042827013957
2011-06-20,1.2783959996277654,1.2086117922787265
2011-06-21,1.3053664334014468,1.2246587810172136
2011-06-22,1.2938925970267896,1.217245286801913
2011-06-23,1.299964721901936,1.213898241254609
2011-06-24,1.2767201527240728,1.2001332735582873
2011-06-27,1.2973675551136392,1.210221437987708
2011-06-28,1.3176924880281424,1.2259665477548818
2011-06-29,1.320278989849888,1.2371865705910496
2011-06-30,1.3327125622668403,1.248500461266557
2011-07-01,1.353028885352613,1.2666972112615815
2011-07-05,1.3620626633164588,1.26622608857594
2011-07-06,1.366486744449605,1.2673574776434906
2011-07-07,1.3837938999419337,1.281310838093365
2011-07-08,1.3893090185719528,1.271411254153176
2011-07-11,1.3736515000628695,1.2491605399127867
2011-07-12,1.3730693162793468,1.243220583039427
2011-07-13,1.3864105785371197,1.2476519898667726
2011-07-14,1.383962202008816,1.2389776628334732
2011-07-15,1.4044518549223908,1.2460490087743836
2011-07-18,1.4194013994303891,1.2353009534344117
2011-07-19,1.4334625295841503,1.255948686582412
2011-07-20,1.4509178237375835,1.2552886079361814
2011-07-21,1.4656545372693994,1.2724481183065124
2011-07-22,1.4793166934794335,1.2732967774419746
2011-07-25,1.484459637347774,1.2666023108760096
2011-07-26,1.49267362442049,1.261511388609469
2011-07-27,1.4623972096988014,1.2358661316950703
2011-07-28,1.4458448970195616,1.2320948035139547
2011-07-29,1.4296113897065017,1.223892443976851
2011-08-01,1.4406297623944098,1.218141067592723
2011-08-02,1.4106447270426048,1.1878761049652646
2011-08-03,1.417003184207524,1.1940986040350343
2011-08-04,1.3550732398200993,1.1377174495432143
2011-08-05,1.3555119622832557,1.1354542959367555
2011-08-08,1.2770598756431866,1.0619135372067654
2011-08-09,1.3304926447811771,1.1165977488990182
2011-08-10,1.284174368531808,1.0616308072746767
2011-08-11,1.3332198069417496,1.1104696808756234
2011-08-12,1.343240812285228,1.118012337237854
2011-08-15,1.3748043318163932,1.141111522878027
2011-08-16,1.362482631010829,1.131494387266409
2011-08-17,1.3677932559049175,1.132625964069638
2011-08-18,1.3126680568911862,1.0828443757582118
2011-08-19,1.283284890203108,1.0665334306555034
2011-08-22,1.2872093846923465,1.0665334306555034
2011-08-23,1.350007059277444,1.1015123423067172
2011-08-24,1.354195630162364,1.1173521647237838
2011-08-25,1.334811791753398,1.099909548950007
2011-08-26,1.361669322929263,1.1165033178526431
2011-08-29,1.38655751214908,1.148277299865312
2011-08-30,1.3848823427523071,1.1506344151789492
2011-08-31,1.3754438008818457,1.156291172781024
2011-09-01,1.3635031694186392,1.1445057839485182
2011-09-02,1.338495001405139,1.1146179822995232
2011-09-06,1.3418078255734565,1.1067925021373646
2011-09-07,1.370619145497443,1.1378117867217492
2011-09-08,1.3642613888103483,1.1262147906427968
2011-09-09,1.3361372535884002,1.096138596240249
2011-09-12,1.347843486475629,1.1036806893954436
2011-09-13,1.3556673260095826,1.1126380279643495
2011-09-14,1.3731281775893882,1.1282893637600242
2011-09-15,1.3916489115616286,1.1486542731080969
2011-09-16,1.4111635752805554,1.1554427952490796
2011-09-19,1.426517993327334,1.1442230540164298
2011-09-20,1.4326960317966937,1.142903272195326
2011-09-21,1.4134110477519168,1.1074522053122378
2011-09-22,1.3704406499466688,1.0736047765964138
2011-09-23,1.3759810746958197,1.078696168202151
2011-09-26,1.3933996453843145,1.1053365180813806
2011-09-27,1.3952855757550364,1.1178509784220307
2011-09-28,1.38391803417744,1.0946234754454818
2011-09-29,1.3857994570415857,1.1041989337364335
2011-09-30,1.3570604442369714,1.0778428156747222
2011-10-03,1.3315111060873943,1.0453246494317752
2011-10-04,1.3410247750203577,1.0671297730388234
2011-10-05,1.3616912721363843,1.0883664330108356
2011-10-06,1.3594377329246872,1.1082751446597217
2011-10-07,1.3415779526485183,1.1004060159522706
2011-10-10,1.4018741186421049,1.1374752705177205
2011-10-11,1.424790354699083,1.1384230540915246
2011-10-12,1.435865588599495,1.147809462554048
2011-10-13,1.44191374030234,1.1459129567280466
2011-10-14,1.4833091269440275,1.1655378120307724
2011-10-17,1.4740555781105804,1.1439220198556708
2011-10-18,1.4901598128210238,1.1666753025078802
2011-10-19,1.4390855533593447,1.1519804799950684
2011-10-20,1.4347414871529465,1.1574792580235358
2011-10-21,1.4414507496165323,1.1787157302598694
2011-10-24,1.4676198366734583,1.1940741983968066
2011-10-25,1.4456313059162726,1.170847070891615
2011-10-26,1.4646131151864212,1.1826977917403
2011-10-27,1.4794219602931171,1.223558931543681
2011-10-28,1.4766759505337368,1.2234635618189127
2011-10-31,1.448649424578767,1.1926520067629844
2011-11-01,1.4145226413611738,1.1609869114439484
2011-11-02,1.4280047477619342,1.179284381630584
2011-11-03,1.4515123023282797,1.2008050856844352
2011-11-04,1.4430662141484991,1.193410552772681
2011-11-07,1.448822681169186,1.2007101852988638
2011-11-08,1.4690741372607077,1.2163533545925156
2011-11-09,1.4276669896261558,1.1715103410443828
2011-11-10,1.4182766952292405,1.182887217040086
2011-11-11,1.4254552078806084,1.2049766663324912
2011-11-14,1.4084735535861477,1.193410552772681
2011-11-15,1.4287125658077646,1.200047009013935
2011-11-16,1.413678702017401,1.1801379218936914
2011-11-17,1.3957303784813202,1.1613665129862347
2011-11-18,1.3911104956496407,1.1598493270990011
2011-11-21,1.3710976258765477,1.1381392916132036
2011-11-22,1.3788923448691417,1.13358829715854
2011-11-23,1.3479086094211932,1.108559658080758
2011-11-25,1.335470979028614,1.1058106445378817
2011-11-28,1.3765495107032406,1.1380439218884355
2011-11-29,1.3796558597934594,1.1421207898865986
2011-11-30,1.4265223119025978,1.1888600276572148
2011-12-01,1.432660802866712,1.1884808015862858
2011-12-02,1.436206739552046,1.1882908130794638
2011-12-05,1.4482599934135854,1.2005210416025964
2011-12-06,1.4471727697039125,1.2011846872267216
2011-12-07,1.4455829599733248,1.2049766663324917
2011-12-08,1.438786990053326,1.1794743701374055
2011-12-09,1.4567939559115053,1.1989093308011487
2011-12-12,1.4426298377866549,1.1816545445738886
2011-12-13,1.4405032631669508,1.170752170506043
2011-12-14,1.414279817101452,1.1578582963587856
2011-12-15,1.4166231227830883,1.162219677777985
2011-12-16,1.4218581768150704,1.164020813879218
2011-12-19,1.4190663073364216,1.1516963420453898
2011-12-20,1.46688370932503,1.1862056328963917
2011-12-21,1.4770869927371966,1.1881014816475175
2011-12-22,1.4909063378428569,1.2000255132787263
2011-12-23,1.508122633149111,1.209565020187212
2011-12-27,1.515026001321479,1.2103277902496787
2011-12-28,1.4981961442952532,1.1957325615144052
2011-12-29,1.51211880130417,1.2070845625326834
2011-12-30,1.5076893233142832,1.201551428875018
2012-01-03,1.5303569798481382,1.221202473304919
2012-01-04,1.5349483344845514,1.2222513525416911
2012-01-05,1.5420073549947018,1.2262579135281897
2012-01-06,1.5455032051631368,1.223586998027643
2012-01-09,1.5472831900055375,1.2251131013596133
2012-01-10,1.55211534398642,1.2361791809392657
2012-01-11,1.5454754677245508,1.2371330659226265
2012-01-12,1.540357894932216,1.2400899028617989
2012-01-13,1.5383432510792656,1.2353205718128333
2012-01-17,1.554793993428509,1.237704814932039
2012-01-18,1.5698723636050895,1.251536334926452
2012-01-19,1.5719129953505206,1.258595665783927
2012-01-20,1.5607677696921078,1.258309462741783
2012-01-23,1.5748466438082285,1.2594546503817168
2012-01-24,1.5584409324071284,1.2583094627417832
2012-01-25,1.6113560632328594,1.2688023852944328
2012-01-26,1.603591839095386,1.2623160237282816
2012-01-27,1.601177816631656,1.2615527843266174
2012-01-30,1.609863097383874,1.2571650260445644
2012-01-31,1.6024368810374552,1.256974568198546
2012-02-01,1.6037460795249918,1.2675625788724454
2012-02-02,1.5979873545862298,1.2703294273047965
2012-02-03,1.6185421175510966,1.2881669450786717
2012-02-06,1.633955116809844,1.2865455658897724
2012-02-07,1.648538408833642,1.2899795330563042
2012-02-08,1.659720708871961,1.2937951668575876
2012-02-09,1.689119592681561,1.2956073793638627
2012-02-10,1.6806991711508008,1.2866408417467017
2012-02-13,1.704210387242833,1.2956073793638627
2012-02-14,1.7200187063905574,1.2941769273601786
2012-02-15,1.6918567784869256,1.2884533358564945
2012-02-16,1.7116076538528826,1.3022849497187463
2012-02-17,1.71316185026959,1.3054328077109736
2012-02-21,1.7465112250065276,1.3063869742978524
2012-02-22,1.7457765242010956,1.301998934412281
2012-02-23,1.7533134590374984,1.3081995622754852
2012-02-24,1.768016407947654,1.3103935352843512
2012-02-27,1.7738191242403438,1.3132551902344345
2012-02-28,1.7924077943588193,1.3168799907183415
2012-02-29,1.801203143341396,1.30991668666051
2012-03-01,1.807995878241752,1.3184065633895083
2012-03-02,1.8052879400855728,1.31497212688378
2012-03-05,1.786826015972431,1.3095349261579188
2012-03-06,1.771516667629392,1.2893115695115691
2012-03-07,1.7721303027392008,1.2989461645413043
2012-03-08,1.7865062735930333,1.311728335959749
2012-03-09,1.7884986671365706,1.3168799907183415
2012-03-12,1.8125070216154364,1.317070917903557
2012-03-13,1.855581444340795,1.3408234237055277
2012-03-14,1.8916721560627303,1.339105829981306
2012-03-15,1.8841975754467155,1.3471191396899815
2012-03-16,1.8871091845648535,1.3489312583284172
2012-03-19,1.9227629747673451,1.3544642981182435
2012-03-20,1.9292771508464124,1.3503625551426557
2012-03-21,1.9174717662766652,1.3478821913559669
2012-03-22,1.905523962054846,1.3386294506966616
2012-03-23,1.9007508567881155,1.3432079484282515
2012-03-26,1.934872158168755,1.3612417438541842
2012-03-27,1.946510114942284,1.3575042080952309
2012-03-28,1.9465224463600264,1.3510842110914922
2012-03-29,1.932794372264944,1.3483062862540998
2012-03-30,1.9175097934486711,1.3530970191704343
2012-04-02,1.958540734911392,1.3637331840459148
2012-04-03,1.9697128279694225,1.3585586255345234
2012-04-04,1.9526552114735627,1.344089461307482
2012-04-05,1.9701040729525336,1.3443768846315376
2012-04-09,1.967447377521508,1.3289498929718833
2012-04-10,1.937715938527084,1.3070065959053283
2012-04-11,1.9376062209886968,1.3160139660326018
2012-04-12,1.938169897637762,1.3347950433275106
2012-04-13,1.897662845298648,1.3184091916890095
2012-04-16,1.856137873438728,1.317355055853235
2012-04-17,1.92726967853064,1.3369988724595068
2012-04-18,1.9270231205845307,1.332974476583534
2012-04-19,1.8812719593144287,1.3250215238955534
2012-04-20,1.8524704713960285,1.3261711233239355
2012-04-23,1.8531274835346951,1.3154394009880084
2012-04-24,1.8353715372032964,1.3203257852326291
2012-04-25,1.9394353634526331,1.3389154660031264
2012-04-26,1.9283843848990845,1.3478270909342742
2012-04-27,1.9190512327804337,1.3502220349871648
2012-04-30,1.8830973343150408,1.3441853003714466
2012-05-01,1.885173941991166,1.3530970191704337
2012-05-02,1.8859475269528296,1.3495514431429283
2012-05-03,1.8730707766624344,1.3394898433120406
2012-05-04,1.830954877695307,1.3174514581242356
2012-05-07,1.8386848243495544,1.3180259293009888
2012-05-08,1.8322809988442288,1.3126602558687035
2012-05-09,1.8284189924613508,1.3048026729054911
2012-05-10,1.831935490251326,1.30786933521669
2012-05-11,1.826465157543228,1.3034611137456609
2012-05-14,1.8013059601182189,1.2899506217617869
2012-05-15,1.7884450357570885,1.2823809314618262
2012-05-16,1.777403020091922,1.2775890721314194
2012-05-17,1.743268376700457,1.258616973783456
2012-05-18,1.7401287839335242,1.2477887553086882
2012-05-21,1.8067711641183937,1.2689654337313627
2012-05-22,1.7973882546998496,1.2711695444668774
2012-05-23,1.825361238926544,1.2719359753750787
2012-05-24,1.8196057808785775,1.2728941782790493
2012-05-25,1.809127676556082,1.2702115292985856
2012-05-29,1.827871774085603,1.285447030565989
2012-05-30,1.8238947791375424,1.2666660471389195
2012-05-31,1.811361555051335,1.263407518964112
2012-06-01,1.7719216486522005,1.2337987864014714
2012-06-04,1.7777837369137115,1.232266393924265
2012-06-05,1.772945573252153,1.239260580501239
2012-06-06,1.811693291413744,1.2682946541514477
2012-06-07,1.8164564084052024,1.2699236366353333
2012-06-08,1.8349320076202704,1.279410108214592
2012-06-11,1.8118615554171171,1.2700195695671377
2012-06-12,1.8300917576344455,1.2789307251590885
2012-06-13,1.816838702382133,1.27030736836255
2012-06-14,1.8280527515041936,1.2832430136983133
2012-06-15,1.84232723084922,1.2955075039828043
2012-06-18,1.8647508123304013,1.2984784210978777
2012-06-19,1.8794107783638645,1.3119477989681214
2012-06-20,1.880141624288184,1.3092524778293468
2012-06-21,1.8401873692629884,1.2806577995350832
2012-06-22,1.849061217300361,1.2897077856614163
2012-06-25,1.81912773261746,1.2687196877279734
2012-06-26,1.8313000098481484,1.2752664063148194
2012-06-27,1.842902600470097,1.2873004510537334
2012-06-28,1.8311527895182849,1.2842201779058304
2012-06-29,1.8816464415701453,1.316568631095253
2012-07-02,1.8968009092448388,1.3193604483728678
2012-07-03,1.9184221514632165,1.3283140322282
2012-07-05,1.933611270527408,1.3222488556571623
2012-07-06,1.9190732330654368,1.3088665871418248
2012-07-09,1.925554609923965,1.307807382442726
2012-07-10,1.909684193325079,1.2967360462640705
2012-07-11,1.912675106189432,1.2962546919839408
2012-07-12,1.8994348239193903,1.2902857299482258
2012-07-13,1.922823045838596,1.3122363487062487
2012-07-16,1.923216799336966,1.3091555123513097
2012-07-17,1.9289323809132,1.3180127878034804
2012-07-18,1.9315624021188085,1.328699453576525
2012-07-19,1.9477090165032676,1.3313949624509789
2012-07-20,1.9254736521318547,1.3190719925025796
2012-07-23,1.918376968658652,1.306171172135211
2012-07-24,1.907307386597035,1.2952917018201644
2012-07-25,1.8608118603944408,1.2948108168792316
2012-07-26,1.8712781652480888,1.3157985393413172
2012-07-27,1.899607361516644,1.3414078448732492
2012-07-30,1.9202948929790395,1.3405410692447943
2012-07-31,1.94590022946551,1.3329353336945282
2012-08-01,1.9384865978212384,1.3301438918882704
2012-08-02,1.931882865977053,1.320901476691293
2012-08-03,1.9616193967537017,1.3466068090228684
2012-08-06,1.9745097009321129,1.3497834844417724
2012-08-07,1.9751334044516955,1.356619409841621
2012-08-08,1.9760243804924216,1.358544920829978
2012-08-09,1.9872082798430863,1.3594112271192362
2012-08-10,1.9911690639560449,1.361144590640467
2012-08-13,2.0053558944648566,1.3605666463536576
2012-08-14,2.0092575495773985,1.3613371135789507
2012-08-15,2.0058537980580384,1.362877297086822
2012-08-16,2.0225481435628674,1.37250438268941
2012-08-17,2.043967797234638,1.3747186311515731
2012-08-20,2.074482306654081,1.3751042402355769
2012-08-21,2.052092313315112,1.370675367839893
2012-08-22,2.080125153862507,1.3709646685207355
2012-08-23,2.064054270975026,1.3599890775382055
2012-08-24,2.071436508278453,1.3687500445872147
2012-08-27,2.093909522075633,1.368172100300406
2012-08-28,2.095152807241493,1.366728131327857
2012-08-29,2.090802541088311,1.368075979632923
2012-08-30,2.065628414511967,1.3582557140169755
2012-08-31,2.0692223324531405,1.3659577579704034
2012-09-04,2.0872907909695924,1.3601811311374934
2012-09-05,2.0795123933832613,1.362107111465047
2012-09-06,2.105561198222785,1.3897380486528186
2012-09-07,2.1217359385559007,1.395995935898019
2012-09-10,2.0824424424913865,1.3873309956486537
2012-09-11,2.0792888317775766,1.3907968778805606
2012-09-12,2.097212335853501,1.3963809817749868
2012-09-13,2.137813848826608,1.4184288476145648
2012-09-14,2.163469710054411,1.4237234630924704
2012-09-17,2.1773055965753403,1.419294966168144
2012-09-18,2.1794136306878573,1.4179471178630778
2012-09-19,2.1707548974323747,1.419005477751623
2012-09-20,2.171867493805981,1.418428847614565
2012-09-21,2.178012599388742,1.4168877254283003
2012-09-24,2.158967383548045,1.4154434748522338
2012-09-25,2.123090817307728,1.4012913961864788
2012-09-26,2.1020025327147693,1.393256684610434
2012-09-27,2.1392458026203984,1.406615298430258
2012-09-28,2.1077058974265825,1.397806364915347
2012-10-01,2.0951252902761075,1.402839933932051
2012-10-02,2.0983187882959915,1.4048733929356474
2012-10-03,2.1185510181026608,1.410003833562549
2012-10-04,2.113549239461169,1.421135339026221
2012-10-05,2.087722883766806,1.4200705961246007
2012-10-08,2.0598002904045223,1.4154240442094903
2012-10-09,2.050528350045008,1.4020658058610236
2012-10-10,2.0514997539756896,1.3932566846104335
2012-10-11,2.0268999429568386,1.3941278720273371
2012-10-12,2.0289665699796045,1.3882235849329263
2012-10-15,2.0431448363788816,1.399742482969549
2012-10-16,2.080666036018659,1.4152306764604523
2012-10-17,2.078700380434051,1.4208450996669852
2012-10-18,2.0553725226021218,1.4178448957860383
2012-10-19,1.9983671919286865,1.3925793342817652
2012-10-22,2.047369122499126,1.3941278720273376
2012-10-23,1.9889569838900336,1.3740905614385577
2012-10-24,1.9934263101352967,1.3706055301674256
2012-10-25,1.983364256737859,1.374768099502905
2012-10-26,1.9738086099677412,1.3738966304824831
2012-10-31,1.960950656130564,1.3695405995301266
2012-11-01,1.9670045708295127,1.3887071920412
2012-11-02,1.916155625809868,1.3755422275739315
2012-11-05,1.9349024404882875,1.378543557868951
2012-11-06,1.939545192430512,1.3891911746208307
2012-11-07,1.870585458232283,1.3576342150527132
2012-11-08,1.8203084885527256,1.341468389629623
2012-11-09,1.840303062086459,1.3416619451143392
2012-11-12,1.8326807985558573,1.3442756951007284
2012-11-13,1.82566281660476,1.3389517928569492
2012-11-14,1.810125927292138,1.3221079600303145
2012-11-15,1.7879582602328357,1.319204064552529
2012-11-16,1.794733435463084,1.3246250261421846
2012-11-19,1.8819118247334632,1.3526973299105274
2012-11-20,1.870738668551772,1.3531811247544798
2012-11-21,1.8766312061737025,1.3559883363577463
2012-11-23,1.905536184875636,1.3729291346624182
2012-11-26,1.938015844568728,1.3724444950079118
2012-11-27,1.9177174313126173,1.3642167911541865
2012-11-28,1.9203171132649708,1.3746709462891888
2012-11-29,1.933461138476196,1.3814468901397
2012-11-30,1.9253826670351477,1.3814468901397
2012-12-03,1.922757542837944,1.3749615611197816
2012-12-04,1.898320656865809,1.3726387075675033
2012-12-05,1.8279701652219744,1.375155022736659
2012-12-06,1.847322745803578,1.379414745285854
2012-12-07,1.824102844002072,1.3842543833464849
2012-12-10,1.815569495227612,1.3855130572041787
2012-12-11,1.8438393770994508,1.3935475810445448
2012-12-12,1.8428842348899763,1.3954830420238715
2012-12-13,1.81673884356167,1.3867715433261942
2012-12-14,1.7723079032336204,1.381931342058528
2012-12-17,1.7972328677003206,1.3972260739325544
2012-12-18,1.8335029538689644,1.413779291928596
2012-12-19,1.808727460083508,1.4031591784536426
2012-12-20,1.8032626082697576,1.4109536822288191
2012-12-21,1.7844285863947402,1.3980938821072415
2012-12-24,1.7835148963390424,1.3937095969352442
2012-12-26,1.7702874287216548,1.3871828721981774
2012-12-27,1.7726813602682716,1.3858186908890666
2012-12-28,1.746799479396582,1.3701337504069089
2012-12-31,1.8046502587589988,1.3944898264158283
2013-01-02,1.8569207436513289,1.428489227163542
2013-01-03,1.841568186003812,1.4266387165788164
2013-01-04,1.8145033251715488,1.4336526154020517
2013-01-07,1.7995615388590032,1.4291715524876951
2013-01-08,1.8070443242475196,1.4252747230053842
2013-01-09,1.7875869951263008,1.4290738360669435
2013-01-10,1.808629410400802,1.4398876927622923
2013-01-11,1.8064379765513856,1.440569079408053
2013-01-14,1.768694471742884,1.4393029899910512
2013-01-15,1.736280282658582,1.4398876927622923
2013-01-16,1.7765391729460212,1.439302989991051
2013-01-17,1.7757974062422508,1.449045251432508
2013-01-18,1.7754348058069451,1.452845021568943
2013-01-22,1.786086252190892,1.4599566368129298
2013-01-23,1.8029078325657415,1.462684623959794
2013-01-24,1.6800261139625932,1.4630739877573713
2013-01-25,1.6617633744000315,1.4702830378185916
2013-01-28,1.6766499781209014,1.4702830378185916
2013-01-29,1.6991834354928694,1.4751546848124364
2013-01-30,1.6870903483114148,1.4696985227830288
2013-01-31,1.67848578739595,1.465801881036396
2013-02-01,1.6752957630560878,1.481097363853137
2013-02-04,1.6449605226681956,1.464924592209936
2013-02-05,1.681297530810554,1.478466154448631
2013-02-06,1.680728415711923,1.4804145691897868
2013-02-07,1.6999890198378012,1.4786612118187774
2013-02-08,1.716783520515189,1.4861635050100923
2013-02-11,1.7240480621886602,1.4856755799812094
2013-02-12,1.701118604429877,1.4889877066922792
2013-02-13,1.701090080735641,1.4899622426002948
2013-02-14,1.698964590458421,1.4917156938391438
2013-02-15,1.6845370012595833,1.4900595835496893
2013-02-19,1.6923297597338578,1.500289019077315
2013-02-20,1.6667166191960945,1.481389386701321
2013-02-21,1.6578239333194864,1.4728154043882749
2013-02-22,1.6726510839180238,1.486942420340926
2013-02-25,1.6436513312727097,1.4590797234578268
2013-02-26,1.663061285890311,1.4690159158553575
2013-02-27,1.6627642443454174,1.4869424203409258
2013-02-28,1.6564891249649891,1.4856755799812094
2013-03-01,1.6332531602321894,1.4893780091682502
2013-03-04,1.6080019301501762,1.4967821165996165
2013-03-05,1.6361412418413892,1.5103233972347938
2013-03-06,1.624577538684204,1.5134407481792356
2013-03-07,1.6273727156471507,1.5160713943767057
2013-03-08,1.6318943379878066,1.5225009659000568
2013-03-11,1.646007348126392,1.5277617889558006
2013-03-12,1.62681749046211,1.524156606850315
2013-03-13,1.6275021564830807,1.526300454432974
2013-03-14,1.6407710204002892,1.5348731225962693
2013-03-15,1.6595578033100298,1.533119859093099
2013-03-18,1.678987077473464,1.523864396266453
2013-03-19,1.674876025603516,1.5213323113002888
2013-03-20,1.6704007605962583,1.531073540195513
2013-03-21,1.6678219589363217,1.5184094545189568
2013-03-22,1.6959786992809884,1.5302951880717153
2013-03-25,1.697084989765961,1.5252338341745666
2013-03-26,1.7015348378686388,1.536881988225959
2013-03-27,1.686932638997464,1.5358055118444216
2013-03-28,1.6637986502971671,1.5403085398331828
2013-04-01,1.6414424703086163,1.5352184623771967
2013-04-02,1.6416202897721763,1.5424613987284186
2013-04-03,1.6405823023071024,1.5273877256160353
2013-04-04,1.630545354195041,1.5332611301913042
2013-04-05,1.6149136872654268,1.526702208785344
2013-04-08,1.6175568881138944,1.5360990365780345
2013-04-09,1.6205635005629964,1.541775788029888
2013-04-10,1.6375063537047774,1.5610603724150105
2013-04-11,1.639320168509964,1.5661494173247636
2013-04-12,1.6281610864535727,1.5620390385079563
2013-04-15,1.586739512618088,1.5263102166882647
2013-04-16,1.6007466692199888,1.548529766805994
2013-04-17,1.5486034806801117,1.5252338341745666
2013-04-18,1.5313290187358917,1.5164246190561377
2013-04-19,1.5352755423630169,1.5286597287069152
2013-04-22,1.5572486514462147,1.536783990201689
2013-04-23,1.5826720181427625,1.5524469656094413
2013-04-24,1.5824118222926582,1.552347935038939
2013-04-25,1.5768179965657911,1.5596893387536273
2013-04-26,1.5941541378692008,1.5563606913028338
2013-04-29,1.6221987415710322,1.5671285527569063
2013-04-30,1.6545471886479393,1.5705543534214157
2013-05-01,1.6349051698346395,1.557340202206334
2013-05-02,1.6570653968043512,1.571435490829289
2013-05-03,1.6779158635986864,1.5869989663273425
2013-05-06,1.7044759362288002,1.591207812507616
2013-05-07,1.7051407632720887,1.5993326372094263
2013-05-08,1.720333914051286,1.6068702247083326
2013-05-09,1.711766216898572,1.602562441825396
2013-05-10,1.6963928339966112,1.6075547089927915
2013-05-13,1.699673472868947,1.6089249917114594
2013-05-14,1.6860314449096314,1.6261534949437044
2013-05-15,1.6564265408297982,1.634375191255712
2013-05-16,1.6635416146654929,1.6265439851553538
2013-05-17,1.6698896834337005,1.6424998282218437
2013-05-20,1.6961649739733762,1.6428908816405292
2013-05-21,1.6918640785596848,1.644946587322049
2013-05-22,1.6901148908585857,1.632613291911323
2013-05-23,1.6883167184204009,1.6278170207924672
2013-05-24,1.6922569253916444,1.6263485523138508
2013-05-28,1.6919210984490416,1.6363327111772838
2013-05-29,1.6965421334222317,1.6252717004609558
2013-05-30,1.7101948409663157,1.6317322483712886
2013-05-31,1.692580173432295,1.608239756484286
2013-06-03,1.7030569997884315,1.6167563855474962
2013-06-04,1.6944520828684628,1.609414418625772
2013-06-05,1.676126180271335,1.5861179227873088
2013-06-06,1.6674691875871614,1.600605297375182
2013-06-07,1.6847388045293168,1.621160101362237
2013-06-10,1.675947050542928,1.6209642930493762
2013-06-11,1.6676730275255285,1.6050093886612802
2013-06-12,1.6504565662344972,1.5915992413976592
2013-06-13,1.6717438568789411,1.6157773439831922
2013-06-14,1.6532482099451855,1.6054999419896645
2013-06-17,1.6651770516522515,1.618615156502083
2013-06-18,1.6682917646344615,1.63045996367689
2013-06-19,1.6424069967822674,1.6091211754956771
2013-06-20,1.613155639709703,1.5682055923454803
2013-06-21,1.6099912117450583,1.5730017695964962
2013-06-24,1.5790278607994976,1.5528376435567697
2013-06-25,1.5845896765994456,1.56820559234548
2013-06-26,1.581149390045805,1.583631739194581
2013-06-27,1.5744190458918097,1.5928788477835256
2013-06-28,1.5826928633301554,1.5827452513198652
2013-07-01,1.6082327918691348,1.595830240388017
2013-07-02,1.6301048957884998,1.5932727172373915
2013-07-03,1.6352587171356103,1.5949450666630518
2013-07-05,1.6358544875066905,1.612555987472763
2013-07-08,1.6368095542152967,1.621409789814878
2013-07-09,1.6610523326738924,1.63301823777023
2013-07-10,1.6532983893791842,1.6337074154466555
2013-07-11,1.670563170092887,1.6573193072252972
2013-07-12,1.6700771981978466,1.6567281275731414
2013-07-15,1.6706991939774665,1.6641068906878864
2013-07-16,1.6767741427603156,1.6571218092913282
2013-07-17,1.6783648865181142,1.66066363060526
2013-07-18,1.6891859850268816,1.6701076739211376
2013-07-19,1.681994603035292,1.673944427986272
2013-07-22,1.6818751755078518,1.6766007001038816
2013-07-23,1.6700545664330542,1.6731572522855769
2013-07-24,1.712298292367804,1.6672552180193096
2013-07-25,1.70801403454779,1.6704031698793762
2013-07-26,1.7115731572143058,1.6726659480144774
2013-07-29,1.7190002338449455,1.6677470854974452
2013-07-30,1.7284383779870591,1.6674515895392066
2013-07-31,1.726309627520603,1.6680420182486475
2013-08-01,1.726094290808347,1.687718031523813
2013-08-02,1.731427428908534,1.690767234416895
2013-08-05,1.7424940647849458,1.6890956359339495
2013-08-06,1.7328750080195032,1.6801415827394206
2013-08-07,1.7312129309672026,1.673551121739443
2013-08-08,1.7330736079679565,1.6793557211884762
2013-08-09,1.7158651900478932,1.674731979158325
2013-08-12,1.7353234177437915,1.6721735173293066
2013-08-13,1.7768595736984027,1.6781756147123088
2013-08-14,1.7913859288237337,1.6692221247248158
2013-08-15,1.7833796380798963,1.6452169266993446
2013-08-16,1.790335484513683,1.6402002538937213
2013-08-19,1.7929697179417878,1.6296737266545889
2013-08-20,1.7784574126587551,1.6374457960161637
2013-08-21,1.777590142064195,1.627313325966575
2013-08-22,1.783639174241323,1.6420701012533507
2013-08-23,1.7842849930504905,1.6482672560064988
2013-08-26,1.7846050911392053,1.641774042088076
2013-08-27,1.752664659556786,1.6153093189362493
2013-08-28,1.7747855066998226,1.6208189856340802
2013-08-29,1.7629383442026143,1.6236718170072653
2013-08-30,1.7527653163113894,1.6173766642298475
2013-09-03,1.7554805372618545,1.6254427276642314
2013-09-04,1.7815481709684438,1.6389208352435336
2013-09-05,1.770979739290791,1.6405933724048725
2013-09-06,1.7761965476725887,1.6418727910550606
2013-09-09,1.7993625634539965,1.6582041054789052
2013-09-10,1.773721985301444,1.6697151186170234
2013-09-11,1.7270191577354803,1.6753216569250515
2013-09-12,1.729884377741216,1.6718782091067468
2013-09-13,1.717448895396876,1.67424011168019
2013-09-16,1.6893254406234444,1.685258694133137
2013-09-17,1.7023576144274917,1.692046465331405
2013-09-18,1.7271383916097656,1.711919225597824
2013-09-19,1.740255522408594,1.7096575738767947
2013-09-20,1.7248537311180483,1.696769519535576
2013-09-23,1.7648813731607722,1.6896851259649974
2013-09-24,1.7583567866761125,1.685977534046793
2013-09-25,1.7408731914923108,1.6811345167439464
2013-09-26,1.7499316757738193,1.6863744072715172
2013-09-27,1.7413231590959193,1.6791570968404348
2013-09-30,1.7215720942007957,1.6697652440432296
2013-10-01,1.7443185822790106,1.6833088713743902
2013-10-02,1.7483020041250783,1.6807382067262575
2013-10-03,1.7306485385009729,1.6663050877495222
2013-10-04,1.7369144104245795,1.6785638520958135
2013-10-07,1.743026678071734,1.6642291066147052
2013-10-08,1.725647226782209,1.645246588936575
2013-10-09,1.734276436023363,1.645938582648181
2013-10-10,1.7481226097148297,1.682023820653842
2013-10-11,1.762474899499059,1.692503038501948
2013-10-14,1.774714866851849,1.7001157202723254
2013-10-15,1.7731897704818589,1.6863744072715172
2013-10-16,1.782665761615138,1.7106929361447014
2013-10-17,1.7911089620014131,1.7216681516558738
2013-10-18,1.8007530067999968,1.7333325448434718
2013-10-21,1.82368836368183,1.733629918158497
2013-10-22,1.8270661910883876,1.7429224587816825
2013-10-23,1.8343702573193128,1.736199456392558
2013-10-24,1.8556483738022629,1.741934405904802
2013-10-25,1.839524271748389,1.7497434591950762
2013-10-28,1.8498338705329735,1.751721254569945
2013-10-29,1.8286612518929517,1.762101535715388
2013-10-30,1.844561056122721,1.7535006133324516
2013-10-31,1.8469916278564795,1.7467776109433275
2013-11-01,1.8432114342759285,1.75191931571095
2013-11-04,1.876651317297852,1.7578502612717333
2013-11-05,1.8730273445862244,1.7529073685878305
2013-11-06,1.8805339708431017,1.7613106053011192
2013-11-07,1.8576162393925424,1.7390669311486802
2013-11-08,1.880999981624698,1.7626945927243307
2013-11-11,1.8798621206886532,1.7626945927243307
2013-11-12,1.879340912325317,1.7587399406529869
2013-11-13,1.8799335666946173,1.7723830678938466
2013-11-14,1.900986478072253,1.782960846973258
2013-11-15,1.912159401660626,1.7905739042149929
2013-11-18,1.9005398709667851,1.7846422077114947
2013-11-19,1.9021875005471836,1.780291808829498
2013-11-20,1.8863559318381256,1.7746567346983109
2013-11-21,1.899163348226034,1.788398235434798
2013-11-22,1.899155880141843,1.7976917147363762
2013-11-25,1.9080117102980083,1.7959117927668338
2013-11-26,1.920929119885826,1.7962084151391444
2013-11-27,1.942884144717204,1.8006571875167678
2013-11-29,1.961060951306807,1.7988776410185827
2013-12-02,1.9513799995667465,1.795022488856938
2013-12-03,1.990172615716927,1.788200362029472
2013-12-04,1.989860945705148,1.786124380894655
2013-12-05,1.9911960779079303,1.7794021294482456
2013-12-06,1.9880238794426064,1.799174075655215
2013-12-09,2.002948920644716,1.8031292909335952
2013-12-10,2.0000003056778,1.7975927780337135
2013-12-11,1.978771417466518,1.7767323403617712
2013-12-12,1.986592079802924,1.7712960783143032
2013-12-13,1.973500312201959,1.770603145924304
2013-12-16,1.996389703936632,1.7811814882107515
2013-12-17,1.987121856044552,1.7751504795332331
2013-12-18,2.002523647995808,1.8058968903086603
2013-12-19,1.9884987404212664,1.8048097129934384
2013-12-20,1.991455510733672,1.8143986882532548
2013-12-23,2.033637981504138,1.824525150761125
2013-12-24,2.0347680220862125,1.8297930139048195
2013-12-26,2.041496547575169,1.838637804934358
2013-12-27,2.038881525160469,1.8382403685025976
2013-12-30,2.0169561872177657,1.8373463712007347
2013-12-31,2.038126074440905,1.8449979142565984
2014-01-02,2.0092313179027705,1.8286988903694863
2014-01-03,1.9819813126231376,1.827904205241644
2014-01-06,1.989390995610216,1.822935029562726
2014-01-07,1.9935333668668884,1.834165190125543
2014-01-08,1.9977634715610928,1.8351598137511769
2014-01-09,1.9749039198193292,1.8360534355816824
2014-01-10,1.9740639402397533,1.8408239869125596
2014-01-13,1.9627958759003743,1.8164756080664657
2014-01-14,1.9898147093223213,1.83585499896932
2014-01-15,2.009600254443725,1.8462897234615796
2014-01-16,2.0045415757395157,1.8431096688004596
2014-01-17,1.9783092047126825,1.8360534355816824
2014-01-21,1.9900015985617912,1.8411230498486928
2014-01-22,1.9896912876146653,1.842413732639601
2014-01-23,1.9914920651845736,1.8273087076688783
2014-01-24,1.9521987782610493,1.7878543651736687
2014-01-27,1.9619824662062568,1.7785124500669915
2014-01-28,1.877139806379608,1.7900409226232266
2014-01-29,1.860553648694056,1.7727487769959098
2014-01-30,1.8488512525822616,1.7918296681696668
2014-01-31,1.834713392445993,1.780600258549565
2014-02-03,1.8183800299165904,1.7408477917966154
2014-02-04,1.8331621288235904,1.752773137577575
2014-02-05,1.83722704258464,1.750487455689675
2014-02-06,1.85082547094532,1.7738417741171706
2014-02-07,1.8725679191613451,1.7969972804609469
2014-02-10,1.882733282015044,1.7994819621682452
2014-02-11,1.908764744010416,1.8193577262055232
2014-02-12,1.910772689789122,1.8208483474942236
2014-02-13,1.9315607669308528,1.829693701730798
2014-02-14,1.953999671038393,1.839432865533557
2014-02-18,1.9578200353752608,1.8422149205558809
2014-02-19,1.938808123679612,1.8299920137242167
2014-02-20,1.9382197874474056,1.8403272383067772
2014-02-21,1.922959357161334,1.8393333656238584
2014-02-24,1.940041969146066,1.8470853472678144
2014-02-25,1.92746643825876,1.8479791568339985
2014-02-26,1.913117972112224,1.8479791568339985
2014-02-27,1.9350626012201515,1.857818946960528
2014-02-28,1.935829857297038,1.8617931235424543
2014-03-03,1.9322876564788207,1.8493706536843564
2014-03-04,1.9484302731597287,1.8765012752884525
2014-03-05,1.9270591518372515,1.8757067778962888
2014-03-06,1.9233545176063536,1.8810733900069672
2014-03-07,1.933427994231048,1.8822649483595344
2014-03-10,1.938873003965664,1.8814715773814423
2014-03-11,1.936663828876357,1.8721294745390868
2014-03-12,1.939489589798368,1.872327160208734
2014-03-13,1.9221002112814451,1.8511592114951176
2014-03-14,1.90819667626096,1.846091286849216
2014-03-17,1.9198771408494284,1.8629861837804504
2014-03-18,1.9329891047323575,1.876699899636493
2014-03-19,1.9241565203146929,1.8663659892036837
2014-03-20,1.9262286336699048,1.877297086830367
2014-03-21,1.932566593274796,1.8702410413472683
2014-03-24,1.9486151383092385,1.862389747529292
2014-03-25,1.9630571113815267,1.871582975978456
2014-03-26,1.9503676348539425,1.8576086830004088
2014-03-27,1.958953421382401,1.854413797220673
2014-03-28,1.9704272222943335,1.862300009874884
2014-03-31,1.970003240879918,1.8780722474476268
2014-04-01,1.9806728318690017,1.8904500362142
2014-04-02,1.9844658918810687,1.8965399938948224
2014-04-03,1.976454918591412,1.8947431757141997
2014-04-04,1.9569596979651775,1.8722821036458517
2014-04-07,1.9345013825531856,1.8508203485951047
2014-04-08,1.9402780739145349,1.8591054995665053
2014-04-09,1.95357236626645,1.8790700625797976
2014-04-10,1.9345220779360808,1.839041061172156
2014-04-11,1.9259334997671151,1.822770385372524
2014-04-14,1.9401834645341116,1.83704449222942
2014-04-15,1.9395768658597967,1.850320971689822
2014-04-16,1.9527461705723617,1.869187656454208
2014-04-17,1.9692887729974395,1.8720823528837385
2014-04-21,1.9867186740073413,1.878870311817685
2014-04-22,1.9829426646137156,1.88675596126486
2014-04-23,1.9695901093732369,1.8828632619674792
2014-04-24,2.054983977496973,1.8868558366459165
2014-04-25,2.06716093798791,1.8711838499255875
2014-04-28,2.119950511812476,1.877373682987267
2014-04-29,2.1187221280412927,1.8853590200798196
2014-04-30,2.122420690583888,1.892046915897031
2014-05-01,2.116601982763165,1.8908493500027463
2014-05-02,2.124123578758025,1.8892517193772
2014-05-05,2.149433820345708,1.8926457927120128
2014-05-06,2.1336901822341545,1.8762750537956452
2014-05-07,2.133189224325178,1.8865569614454607
2014-05-08,2.124104351933904,1.8853590200798196
2014-05-09,2.121777418426206,1.8887534688859893
2014-05-12,2.139512071447462,1.90542327073849
2014-05-13,2.1426027126136806,1.9080183410248508
2014-05-14,2.1422190456049104,1.8985356241591655
2014-05-15,2.11838504996898,1.882164322035763
2014-05-16,2.1362473426364312,1.8890525318221232
2014-05-19,2.1522269539266707,1.8953413015864655
2014-05-20,2.1507233465798223,1.8834621387824608
2014-05-21,2.1660100487455174,1.899234564090882
2014-05-22,2.163372197572062,1.904025954082092
2014-05-23,2.176170492182559,1.912111166555701
2014-05-27,2.2006236522671223,1.9238908294500068
2014-05-28,2.194596263728171,1.92219388665044
2014-05-29,2.2202685849399604,1.931876166542559
2014-05-30,2.2087877714382635,1.9352704276130503
2014-06-02,2.194492846420049,1.937666498080013
2014-06-03,2.2170739763289213,1.9364683689786928
2014-06-04,2.2292612543044834,1.9399626931659189
2014-06-05,2.23903838669576,1.9528392956307377
2014-06-06,2.244521382975548,1.9627215140206489
2014-06-09,2.265469735090288,1.9649180214611768
2014-06-10,2.2730125412865734,1.96451870767263
2014-06-11,2.271590400960159,1.9582301256439656
2014-06-12,2.246012349457573,1.9438550169919415
2014-06-13,2.239881123048063,1.9501445376989996
2014-06-16,2.255746517385413,1.9519404172012296
2014-06-17,2.2496001812459294,1.9565331828443988
2014-06-18,2.253786806563994,1.9718056680405016
2014-06-19,2.248214494213264,1.973402735459012
2014-06-20,2.244806290715774,1.977096059465637
2014-06-23,2.248458681660327,1.9774957487255416
2014-06-24,2.2259117865446627,1.965611704793891
2014-06-25,2.221907977498349,1.9736349644935365
2014-06-26,2.2288656313275035,1.9722305138813487
2014-06-27,2.2375153742159744,1.9782483810613605
2014-06-30,2.246801983338676,1.9756401692774923
2014-07-01,2.261424770974283,1.988677285747581
2014-07-02,2.2626808140289385,1.9905828028861587
2014-07-03,2.279700022156098,2.0008115813389087
2014-07-07,2.308688161203765,1.9941938986655223
2014-07-08,2.3011712192752865,1.9813572839002616
2014-07-09,2.308075555538367,1.9901816117408244
2014-07-10,2.294342256464363,1.981256469840812
2014-07-11,2.2897000537227408,1.9846666884439903
2014-07-14,2.315993577159726,1.9941938986655223
2014-07-15,2.2968705311877198,1.9905828028861583
2014-07-16,2.301056098711985,1.9986056871144464
2014-07-17,2.2634520949825405,1.975640169277492
2014-07-18,2.286796453279066,1.9950959686015688
2014-07-21,2.282678896788957,1.9913857483838628
2014-07-22,2.298158803743229,2.0008115813389087
2014-07-23,2.3406256418670317,2.004723429675514
2014-07-24,2.3385421072461923,2.004623366558779
2014-07-25,2.3382793039080187,1.9957977245684653
2014-07-28,2.3685274231846307,1.9964996682710408
2014-07-29,2.351942741066108,1.9875749018423856
2014-07-30,2.345936120511707,1.9881762192211905
2014-07-31,2.2707069117550542,1.9480617980797503
2014-08-01,2.277254030828056,1.942947878192572
2014-08-04,2.28100106446175,1.9567858750678992
2014-08-05,2.257171486389698,1.93753207933408
2014-08-06,2.261667860957199,1.9382330843582625
2014-08-07,2.255290411427961,1.9280044936411909
2014-08-08,2.2720224442059247,1.9502684432469275
2014-08-11,2.287625323779269,1.9563856226009588
2014-08-12,2.285209849243223,1.9535770968479416
2014-08-13,2.309236223343686,1.9667157783201952
2014-08-14,2.3130695959025656,1.97513947822246
2014-08-15,2.3196168646060484,1.975841046453678
2014-08-18,2.341344126989794,1.9918862517032176
2014-08-19,2.361278750856109,2.002818475743973
2014-08-20,2.3637239558650056,2.0081334605430152
2014-08-21,2.360160018953766,2.013247568165872
2014-08-22,2.3641795069759666,2.0103401057101915
2014-08-25,2.3696313401377576,2.0207691981320903
2014-08-26,2.367911199091274,2.0222731486539764
2014-08-27,2.385222809090853,2.0218725207156782
2014-08-28,2.387345139293412,2.019967191312779
2014-08-29,2.390059443233515,2.0253824269642347
2014-09-02,2.3932838214571666,2.024579856937888
2014-09-03,2.3344785496285856,2.024279292116325
2014-09-04,2.3157606846998977,2.020869448984503
2014-09-05,2.3362457971790045,2.0300957189131146
2014-09-08,2.3140868388020004,2.025081111199957
2014-09-09,2.30527389845191,2.012445373610881
2014-09-10,2.344529114141354,2.02006762990087
2014-09-11,2.352812843501361,2.021972771568091
2014-09-12,2.345159751599044,2.010539856472303
2014-09-15,2.3492232676994296,2.0083333990408048
2014-09-16,2.347942920062945,2.0237778501185764
2014-09-17,2.3554663892446754,2.026285060107316
2014-09-18,2.354410197976716,2.0369150297054
2014-09-19,2.34667798457318,2.0345080705690743
2014-09-22,2.343027891404505,2.0196658755485006
2014-09-23,2.3618179921808395,2.0085346516883478
2014-09-24,2.3468393754087216,2.024090993230611
2014-09-25,2.275761015556015,1.9908413149156965
2014-09-26,2.328649859569303,2.007969567295528
2014-09-29,2.3103782178547,2.0028316172414784
2014-09-30,2.3164565548903213,1.997592477656622
2014-10-01,2.282794416342373,1.9713954655825896
2014-10-02,2.2972970083484907,1.971596905965811
2014-10-03,2.298646917188304,1.9931596628116863
2014-10-06,2.303948313243967,1.9905388727373468
2014-10-07,2.280959855827326,1.960312302056178
2014-10-08,2.32214195405102,1.994367554168298
2014-10-09,2.300734500899739,1.953662516581738
2014-10-10,2.2945143202817446,1.932503203709341
2014-10-13,2.2742348518365483,1.89985784654409
2014-10-14,2.256044049888134,1.9042923510101344
2014-10-15,2.2352872738347034,1.8890775006673848
2014-10-16,2.2197729367947088,1.8884733672534009
2014-10-17,2.2459520857041446,1.9120507156671651
2014-10-20,2.281714864728331,1.930286984022552
2014-10-21,2.338282349475757,1.9682722948321087
2014-10-22,2.3413542149635425,1.9546697184978432
2014-10-23,2.3771422731369074,1.9776421825549089
2014-10-24,2.3862503492252367,1.991748641450745
2014-10-27,2.377736976960435,1.9892292286428916
2014-10-28,2.4140507467567134,2.0117986241978363
2014-10-29,2.4183911993983798,2.009481027244561
2014-10-30,2.4118469671189446,2.023285419433405
2014-10-31,2.4468538315954387,2.04524993063165
2014-11-03,2.454684288316633,2.0464591361380124
2014-11-04,2.4363506022962453,2.039607534808994
2014-11-05,2.4450439840123783,2.0527058531103317
2014-11-06,2.460148095366704,2.0604638422960053
2014-11-07,2.473816522865498,2.06308388142763
2014-11-10,2.468392254165352,2.068524273660029
2014-11-11,2.4824322374235943,2.070741995232248
2014-11-12,2.496218477750848,2.069129345752407
2014-11-13,2.513059127392218,2.0704388021111835
2014-11-14,2.5370244347384845,2.07134500223216
2014-11-17,2.5343892320686665,2.0721518901791165
2014-11-18,2.5541694093588165,2.084746325918883
2014-11-19,2.548908802712795,2.081622967432724
2014-11-20,2.575062617468755,2.0848473277140114
2014-11-21,2.5862422368762394,2.096131556152286
2014-11-24,2.608527456839248,2.10258065218622
2014-11-25,2.584909396265588,2.1011692553539216
2014-11-26,2.602970539143131,2.106207142291235
2014-11-28,2.566870624292501,2.101572323856042
2014-12-01,2.5258196512544555,2.0874671791099564
2014-12-02,2.515576143440461,2.100564934204258
2014-12-03,2.519971350666318,2.10882718142286
2014-12-04,2.5348752098008287,2.1063085195577207
2014-12-05,2.5185964432776937,2.1102376395767646
2014-12-08,2.4713831083010978,2.0955268595312653
2014-12-09,2.487394723184036,2.094116589113039
2014-12-10,2.4456766466270583,2.061471795154824
2014-12-11,2.449066593540403,2.0709423092013948
2014-12-12,2.4226221821278457,2.037793820417288
2014-12-15,2.3988977831402423,2.023386421228531
2014-12-16,2.3434600641620893,2.00766787605989
2014-12-17,2.387697367573844,2.0466611397282675
2014-12-18,2.469451645784557,2.096837254568434
2014-12-19,2.463543158975068,2.1059045123772058
2014-12-22,2.484575394266633,2.1157792213399698
2014-12-23,2.492389887755585,2.1191043956807074
2014-12-24,2.4785275152672868,2.11984369878334
2014-12-26,2.493497134995607,2.125515005900512
2014-12-29,2.481456394879728,2.129162334665861
2014-12-30,2.4550445950261373,2.1170073881498785
2014-12-31,2.4167711634918625,2.095331989896797
2015-01-02,2.413301302402548,2.0939136468443875
2015-01-05,2.345111837123907,2.057147303796484
2015-01-06,2.338985601624795,2.038611409297928
2015-01-07,2.36724475429921,2.063831820371479
2015-01-08,2.432532493538847,2.100699728421547
2015-01-09,2.4321666041825027,2.082975227526236
2015-01-12,2.378725504764008,2.06717370318762
2015-01-13,2.3851377092926525,2.061806152398548
2015-01-14,2.3771270350693685,2.049346886347429
2015-01-15,2.3341203325937223,2.030102852868901
2015-01-16,2.353027121483556,2.056133531131625
2015-01-20,2.382752035840367,2.061198076535311
2015-01-21,2.402042467173218,2.071327355078362
2015-01-22,2.4464728487363567,2.101713125615049
2015-01-23,2.4271470726433764,2.09047057449744
2015-01-26,2.439773756410882,2.0960416307621985
2015-01-27,2.3855665708707177,2.067882780845985
2015-01-28,2.4146530203086822,2.0411432126605744
2015-01-29,2.449448756036884,2.060691941145596
2015-01-30,2.4281753989492305,2.0345598856163862
2015-02-02,2.472453824400103,2.059274161300223
2015-02-03,2.507363205045624,2.088545908319637
2015-02-04,2.5071380656450737,2.081151375407883
2015-02-05,2.52824429318294,2.102928526398808
2015-02-06,2.514833871131365,2.096142069350291
2015-02-09,2.5243685670966194,2.0871268143245127
2015-02-10,2.542640656755686,2.109714983447325
2015-02-11,2.568947317530173,2.110727441962434
2015-02-12,2.609614078312499,2.130377172242584
2015-02-13,2.6295709045942206,2.139999752188884
2015-02-17,2.633687675349518,2.1438488968088114
2015-02-18,2.61684162576354,2.143443763214225
2015-02-19,2.5933006626427217,2.1417211006266794
2015-02-20,2.611211910222666,2.1547878793339987
2015-02-23,2.63806206184976,2.154078238468597
2015-02-24,2.634236394312284,2.160560751453336
2015-02-25,2.5991602751937406,2.1589402170749907
2015-02-26,2.6047772470699653,2.156509978714509
2015-02-27,2.581630235790145,2.149419389866534
2015-03-02,2.5820627111254693,2.1630933057586974
2015-03-03,2.579554955736085,2.153369724017269
2015-03-04,2.564713804036457,2.144355032198527
2015-03-05,2.535365761270423,2.146583079233073
2015-03-06,2.5229400897676526,2.116703444086101
2015-03-09,2.5227681431215765,2.125515005900513
2015-03-10,2.481860585651708,2.090773579882827
2015-03-11,2.453579449938673,2.086317298078056
2015-03-12,2.4806728425571847,2.112348351812137
2015-03-13,2.46656692943617,2.0993833258426613
2015-03-16,2.493278570200817,2.1284525060647823
2015-03-17,2.5075236019663643,2.121261854100072
2015-03-18,2.5494097654838086,2.146278759697937
2015-03-19,2.5169377379541893,2.137062815231653
2015-03-20,2.500919681224674,2.1559017151155944
2015-03-23,2.5270776498028127,2.1523565145594463
2015-03-24,2.5094074468918466,2.138885540935933
2015-03-25,2.477200079290592,2.108579182591327
2015-03-26,2.479655712766488,2.1033884788115698
2015-03-27,2.459005261004988,2.107662281536666
2015-03-30,2.5203929541114083,2.1333081016581006
2015-03-31,2.490661265570396,2.115091733284654
2015-04-01,2.481599127147061,2.1084766789107694
2015-04-02,2.491355067710374,2.1143796518554296
2015-04-06,2.5247011209939423,2.1298485085714294
2015-04-07,2.5179765692023794,2.1235381492040384
2015-04-08,2.4913144480339207,2.13117148189907
2015-04-09,2.5096688773138336,2.140533860194723
2015-04-10,2.5275609355843764,2.1517289141856266
2015-04-13,2.52191248370719,2.141857959936436
2015-04-14,2.532707224207809,2.1456229989723155
2015-04-15,2.557003394211484,2.156613608809139
2015-04-16,2.54566637693963,2.1555960814307062
2015-04-17,2.519468507277327,2.1306630936812105
2015-04-20,2.5550893942004143,2.1502029985893345
2015-04-21,2.542736076315361,2.1479638751497463
2015-04-22,2.5692652181180686,2.1583439685595103
2015-04-23,2.5819413018409705,2.1637378023435967
2015-04-24,2.5812352318934404,2.168521119700624
2015-04-27,2.6080059108509785,2.1599720123650017
2015-04-28,2.595200733999438,2.1658747975739834
2015-04-29,2.574853678117744,2.157427818447563
2015-04-30,2.5296582933003404,2.135648790099851
2015-05-01,2.591114653805364,2.15875135498224
2015-05-04,2.576131581495412,2.165671479833976
2015-05-05,2.5299790908731143,2.140635800668244
2015-05-06,2.4869184876626726,2.1317816228547715
2015-05-07,2.505859695270394,2.1401270369790275
2015-05-08,2.5576003253432904,2.1680123560114075
2015-05-11,2.534378508417815,2.157529571185407
2015-05-12,2.529308808745117,2.15091489228288
2015-05-13,2.5381719669844123,2.1517289141856257
2015-05-14,2.5968244523077466,2.174729350858814
2015-05-15,2.583832566548621,2.176968098827045
2015-05-18,2.5904344505711343,2.1833796477252427
2015-05-19,2.5860102303542245,2.182972636773869
2015-05-20,2.5859090965770437,2.1808350783364463
2015-05-21,2.5950358298797034,2.1871452499681583
2015-05-22,2.592704334071607,2.1825652503511392
2015-05-26,2.554956042107105,2.158852544513048
2015-05-27,2.606679099929911,2.179512105008805
2015-05-28,2.5997722352627277,2.176662840613515
2015-05-29,2.5688430923366257,2.1634323563943885
2015-06-01,2.581375374464334,2.1671983341086616
2015-06-02,2.567223493163306,2.165467411151254
2015-06-03,2.56696194264566,2.17157407730728
2015-06-04,2.5461737685831776,2.154069602627378
2015-06-05,2.533121929427239,2.1492866607417085
2015-06-08,2.5135685489673065,2.1360559887869037
2015-06-09,2.507594738439477,2.135344282829036
2015-06-10,2.5480298514532667,2.160684469265584
2015-06-11,2.5405517438678205,2.168012356011406
2015-06-12,2.5136441844655173,2.1515254087099382
2015-06-15,2.4979987858124693,2.142569665894301
2015-06-16,2.5142303835106654,2.154476050371714
2015-06-17,2.5149549541544087,2.157427818447563
2015-06-18,2.5408922540864727,2.1791054695287886
2015-06-19,2.5113779814927204,2.166180055787513
2015-06-22,2.5250451594352548,2.181648912503513
2015-06-23,2.5106250264107564,2.182667754031696
2015-06-24,2.514283996189207,2.1672246171036758
2015-06-25,2.508401219908364,2.1603686978540475
2015-06-26,2.490391893993504,2.160982405787645
2015-06-29,2.444167929678063,2.1155466168340875
2015-06-30,2.447350876897973,2.120560849075888
2015-07-01,2.4671842384608804,2.1371386604458364
2015-07-02,2.4642313985779065,2.134580198616818
2015-07-06,2.459526873412889,2.128951695234384
2015-07-07,2.453990417728151,2.142051327685472
2015-07-08,2.420921595271585,2.105927040658646
2015-07-09,2.403211343476576,2.109713481561895
2015-07-10,2.437991694754774,2.136626517514404
2015-07-13,2.4869004198129563,2.1601644414356462
2015-07-14,2.4885390043847995,2.169169370999097
2015-07-15,2.504490302714092,2.168350655704384
2015-07-16,2.545638112315676,2.185338481796564
2015-07-17,2.555759685644019,2.1876919362644665
2015-07-20,2.588500331308159,2.188510088352144
2015-07-21,2.584831801070569,2.180017113984446
2015-07-22,2.482463649943038,2.175820470623287
2015-07-23,2.4971258460790864,2.164052447341059
2015-07-24,2.4859167041245875,2.141334177392923
2015-07-27,2.4526690455006337,2.128440866452701
2015-07-28,2.4585523293736418,2.1549450140970503
2015-07-29,2.480064690849052,2.1693736274174977
2015-07-30,2.4896152253266504,2.170090777710046
2015-07-31,2.4740043991462795,2.1670199852139165
2015-08-03,2.448110498169539,2.159652673975571
2015-08-04,2.429344731561257,2.1551500214581667
2015-08-05,2.4380792139478924,2.163233919782025
2015-08-06,2.4148992318952507,2.145837393117364
2015-08-07,2.4220632861354616,2.1406174025717326
2015-08-10,2.4804104153235054,2.167736947770787
2015-08-11,2.392661328637338,2.148190659849588
2015-08-12,2.419227225793454,2.150237354218531
2015-08-13,2.4180482421680947,2.148088719376066
2015-08-14,2.4334846908975027,2.155456781557126
2015-08-17,2.454211554491688,2.1681456483432675
2015-08-18,2.454535516566332,2.162005752972116
2015-08-19,2.42164859494469,2.1446092263074545
2015-08-20,2.3721292475800944,2.099070558201982
2015-08-21,2.2325083786632915,2.034497369635386
2015-08-24,2.168290196171798,1.949663371154544
2015-08-25,2.1419480212913777,1.9267410325236851
2015-08-26,2.262610649504675,2.00246741002484
2015-08-27,2.327413118654301,2.0516900153530035
2015-08-28,2.331970518614833,2.051587511672446
2015-08-31,2.3155476566381714,2.0338840371731464
2015-09-01,2.218660637315099,1.972278574215086
2015-09-02,2.292120919711429,2.011269021848283
2015-09-03,2.2580010282466665,2.013007641968517
2015-09-04,2.232430836526376,1.981795834445648
2015-09-08,2.2899982451344947,2.033064946407076
2015-09-09,2.266937755586393,2.004821803171137
2015-09-10,2.305355000813341,2.0155664792688928
2015-09-11,2.3296674894868543,2.025390499598414
2015-09-14,2.336005751825676,2.017510857692957
2015-09-15,2.3681807510135457,2.042787026263076
2015-09-16,2.3703116025529254,2.0611047719030084
2015-09-17,2.3555134398100046,2.055885532300092
2015-09-18,2.331742665709512,2.021604434166523
2015-09-21,2.3605310293595085,2.032246606583721
2015-09-22,2.317632004612991,2.0066633024432865
2015-09-23,2.327259654404166,2.0032859375838763
2015-09-24,2.3371124801634933,1.996122882763932
2015-09-25,2.308132246745728,1.994805916978008
2015-09-28,2.256764482354396,1.9449994536891573
2015-09-29,2.2190853518306084,1.94530865435194
2015-09-30,2.2596048685646526,1.9830745021531229
2015-10-01,2.258587206615147,1.9885291622971009
2015-10-02,2.293222022955663,2.017650157566537
2015-10-05,2.323210478015441,2.0541812678090574
2015-10-06,2.328595460462311,2.0464638295299777
2015-10-07,2.3202517760898984,2.0633401406290237
2015-10-08,2.301792815141284,2.082274597973412
2015-10-09,2.3362285282311706,2.083818348459178
2015-10-12,2.340016625357773,2.085670173193654
2015-10-13,2.353842751581252,2.0721894373148504
2015-10-14,2.3327186138111693,2.061796765614615
2015-10-15,2.371910385616012,2.093388550151127
2015-10-16,2.367521078650997,2.1026491757089363
2015-10-19,2.382777514156817,2.104296368553654
2015-10-20,2.368639786537724,2.1012090553178004
2015-10-21,2.354094894717195,2.088963244733338
2015-10-22,2.388454818602621,2.123333517314279
2015-10-23,2.4925630355611057,2.147207112628997
2015-10-26,2.474213635352661,2.1422675991873104
2015-10-27,2.469693549288702,2.13815205763934
2015-10-28,2.525497509600239,2.162128719841652
2015-10-29,2.5524327168952987,2.1609966736992257
2015-10-30,2.5286927988439976,2.151221089174804
2015-11-02,2.564213522466376,2.177460717247896
2015-11-03,2.5804224466023147,2.182915377391874
2015-11-04,2.5859856039990445,2.177255146679744
2015-11-05,2.5896370951811907,2.174579537787231
2015-11-06,2.592722194243266,2.173756504571908
2015-11-09,2.57562790193414,2.152867343341128
2015-11-10,2.542493430002463,2.158115118767203
2015-11-11,2.547981630465752,2.1497798423695955
2015-11-12,2.528592544631591,2.119526425486376
2015-11-13,2.4646637547260144,2.0958580252684524
2015-11-16,2.501912476256725,2.1282726552846087
2015-11-17,2.4890276850423425,2.1254943549758587
2015-11-18,2.5509507716853643,2.15965868151729
2015-11-19,2.566230203438781,2.1576003475362686
2015-11-20,2.6016513140398203,2.167376307532048
2015-11-23,2.5850999242776576,2.163260765984077
2015-11-24,2.5843291722148125,2.166347703748573
2015-11-25,2.574891430357866,2.1664496442220957
2015-11-27,2.577389721813249,2.168302595370643
2015-11-30,2.566393019537078,2.1596586815172896
2015-12-01,2.593348404270221,2.18085723114653
2015-12-02,2.5719299847174244,2.158320501599676
2015-12-03,2.543770482217786,2.127655380373116
2015-12-04,2.6027516784624587,2.16922869547356
2015-12-07,2.5840444859893075,2.1558515896893864
2015-12-08,2.5873142239158966,2.1417532034277333
2015-12-09,2.5381615399355417,2.1248770800643664
2015-12-10,2.539425725792379,2.130228485585072
2015-12-11,2.491575529110153,2.087831198590912
2015-12-14,2.505685453104089,2.1011067393729213
2015-12-15,2.480799175897757,2.121789203621477
2015-12-16,2.518645111391858,2.152455451262109
2015-12-17,2.48234423109294,2.1206577206860877
2015-12-18,2.428989751922023,2.0809367935271554
2015-12-21,2.4493846551175884,2.098842083881033
2015-12-22,2.459499233961795,2.118291124720677
2015-12-23,2.476194652328525,2.14494377128686
2015-12-24,2.4654966191602576,2.140565775260097
2015-12-28,2.4818723774673197,2.1354942836363
2015-12-29,2.5223604202977574,2.159941599185057
2015-12-30,2.501235781780636,2.1439883844180687
2015-12-31,2.458296743191842,2.122235451329693
2016-01-04,2.426522248286968,2.0925041273688763
2016-01-05,2.4029129048460813,2.0968558404006234
2016-01-06,2.3782606961443395,2.0694049417287035
2016-01-07,2.302045853646802,2.019888342327731
2016-01-08,2.289547601925705,1.9975136286715751
2016-01-11,2.309580552564674,1.99958566735714
2016-01-12,2.345972370850644,2.0150201684439413
2016-01-13,2.2740203442896054,1.9660222827231548
2016-01-14,2.3168557206558686,1.9972025506520057
2016-01-15,2.255341023511631,1.9551452529719309
2016-01-19,2.265611340207576,1.9561808029755168
2016-01-20,2.2660394543107434,1.9334951990354703
2016-01-21,2.2752573566846435,1.94354375123669
2016-01-22,2.3612757430065137,1.9836322648544729
2016-01-25,2.31995613223676,1.9533844800416131
2016-01-26,2.325940635726241,1.9799034588045776
2016-01-27,2.229477214382283,1.958666986568244
2016-01-28,2.2905065293739693,1.969337131601565
2016-01-29,2.347085774739481,2.0160553429761694
2016-02-01,2.3542688768190847,2.01584939693666
2016-02-02,2.351969973374792,1.9794887506903789
2016-02-03,2.31577059728439,1.9900547024220336
2016-02-04,2.2896943194856885,1.9944062277181025
2016-02-05,2.2166138681513883,1.9562855594842183
2016-02-08,2.227607604906517,1.929973653174836
2016-02-09,2.221869464585238,1.9292480547767468
2016-02-10,2.2246540385588838,1.9283163226034696
2016-02-11,2.2178674683435338,1.904283151961876
2016-02-12,2.2218149511011784,1.9428181528386013
2016-02-16,2.268288893188412,1.97513872727974
2016-02-17,2.3089088265974294,2.007872132478291
2016-02-18,2.264110665867946,1.9997929275464
2016-02-19,2.2699256418236176,1.9985491786751608
2016-02-22,2.290878587218953,2.0274507109362223
2016-02-23,2.247406306946177,2.002795759726848
2016-02-24,2.2684181849749514,2.0119123920191115
2016-02-25,2.28975493677782,2.0355308545465065
2016-02-26,2.2838112131343,2.0319051153842054
2016-02-29,2.2680693501591374,2.0149171015563465
2016-03-01,2.351920472230202,2.0633962735969464
2016-03-02,2.349469382844785,2.072512530417853
2016-03-03,2.3433684288340024,2.0798670756300486
2016-03-04,2.356649834830141,2.087118366218972
2016-03-07,2.314121402394669,2.089189653961822
2016-03-08,2.306676695764006,2.065364494452203
2016-03-09,2.328535168339815,2.076034451749845
2016-03-10,2.340960355815994,2.0771741950550973
2016-03-11,2.374655951454637,2.111565118560693
2016-03-14,2.3868154252747864,2.108664977796481
2016-03-15,2.408806833474592,2.1051423055217744
2016-03-16,2.435211367155133,2.1186095244317134
2016-03-17,2.43541730927904,2.131972174568629
2016-03-18,2.431257778603855,2.1398450579896537
2016-03-21,2.443042169913277,2.14295320988584
2016-03-22,2.4477441143760283,2.141710024221637
2016-03-23,2.437226978778312,2.116330601028246
2016-03-24,2.4276560118225663,2.1150881663067573
2016-03-28,2.4199193911744885,2.1164340433871973
2016-03-29,2.4680067527596283,2.136634026941552
2016-03-30,2.491860752412552,2.145646653667828
2016-03-31,2.476356177554353,2.140673535539658
2016-04-01,2.498672346986176,2.1543480146388574
2016-04-04,2.5024033067390032,2.14730323329648
2016-04-05,2.4772525580070357,2.1262747721921214
2016-04-06,2.505936108467446,2.149272017358772
2016-04-07,2.466782727392177,2.123271001333279
2016-04-08,2.466885461852321,2.129589433334853
2016-04-11,2.4672281853092377,2.123581328410133
2016-04-12,2.4939273407804023,2.144506910362576
2016-04-13,2.523923472602376,2.166053521940085
2016-04-14,2.530676007709593,2.166260782129345
2016-04-15,2.5154103110768267,2.1628415522135898
2016-04-18,2.504304201057142,2.17858713131996
2016-04-19,2.478250009739115,2.185217580019496
2016-04-20,2.4781939776990853,2.186875098326541
2016-04-21,2.4750845727071904,2.1759975053682807
2016-04-22,2.397696011589133,2.175686990555748
2016-04-25,2.3992799881199804,2.171854742146901
2016-04-26,2.362034502967824,2.175479918102166
2016-04-27,2.2872811893080205,2.179519989907308
2016-04-28,2.227322031028685,2.160666822111787
2016-04-29,2.220959928538524,2.149065132640868
2016-05-02,2.231421435611637,2.165845510808109
2016-05-03,2.236912182790504,2.1468889006536367
2016-05-04,2.231783245087274,2.134665430614937
2016-05-05,2.2336918543169526,2.134044400989872
2016-05-06,2.246694296840161,2.14233124158238
2016-05-09,2.254382707502632,2.144403280267945
2016-05-10,2.279022740430399,2.1704044840291163
2016-05-11,2.2539559392446566,2.150204500474762
2016-05-12,2.2268980425193665,2.151240050478348
2016-05-13,2.223073898488806,2.131350581736526
2016-05-16,2.2678406970788902,2.152897568785392
2016-05-17,2.2459576199518647,2.133941146366598
2016-05-18,2.259946265131181,2.1341482188201795
2016-05-19,2.2447869150922672,2.126585662476009
2016-05-20,2.266724503799834,2.1395337922344044
2016-05-23,2.271521513720987,2.13663402694155
2016-05-24,2.314684235158563,2.1643956281616816
2016-05-25,2.341598617519739,2.1790018394341577
2016-05-26,2.347798346879662,2.1798310679268766
2016-05-27,2.3659629981480377,2.188843131446117
2016-05-31,2.3630408906308205,2.185425027944434
2016-06-01,2.347714741726638,2.1895681666371702
2016-06-02,2.332597709782541,2.1967158271314635
2016-06-03,2.31987730998265,2.1893609064479107
2016-06-06,2.317086807390613,2.201481121863338
2016-06-07,2.323082955401305,2.204070560079338
2016-06-08,2.342994410165247,2.211114590479001
2016-06-09,2.3496964940360243,2.208524776791643
2016-06-10,2.3246907956369958,2.1877035758765446
2016-06-13,2.306803332940236,2.170404484029117
2016-06-14,2.310470897142053,2.1664680423186047
2016-06-15,2.3052579527282893,2.162634292024329
2016-06-16,2.295561068289657,2.1696785101596703
2016-06-17,2.2371243817135404,2.161495299661792
2016-06-20,2.238030430517595,2.1757908083860564
2016-06-21,2.251343198976876,2.181806798209281
2016-06-22,2.2503796167123737,2.178163599628863
2016-06-23,2.2638793071712797,2.2065785210107927
2016-06-24,2.183392736722788,2.125497921953752
2016-06-27,2.162021855363213,2.088235393507104
2016-06-28,2.196052386672657,2.12726714298961
2016-06-29,2.2114435314685315,2.1628640804950305
2016-06-30,2.238679495703889,2.190966234236283
2016-07-01,2.2535469187769963,2.197523653756813
2016-07-05,2.234696201054517,2.1820148093412555
2016-07-06,2.247528292958704,2.194505802722071
2016-07-07,2.248803959736968,2.1926320129131898
2016-07-08,2.275069282776824,2.2259385751387426
2016-07-11,2.2947967568628203,2.234368845789762
2016-07-12,2.3087490789963185,2.250085325865937
2016-07-13,2.297661805446917,2.24987769020532
2016-07-14,2.328868973904106,2.2622637393417544
2016-07-15,2.3284648775780337,2.2589329329306564
2016-07-18,2.3703882496635056,2.2651777725461884
2016-07-19,2.371176356324622,2.2626795738700256
2016-07-20,2.3785804611640846,2.272255783103692
2016-07-21,2.3683363307019047,2.264034086791685
2016-07-22,2.368861894981446,2.2739206231022053
2016-07-25,2.351959799229308,2.268092368957659
2016-07-26,2.3451831669223564,2.26902916999426
2016-07-27,2.41845741002684,2.2667393579214288
2016-07-28,2.439808049859376,2.269445755465245
2016-07-29,2.483358785920553,2.272880191970973
2016-08-01,2.519505652237356,2.2702777999931443
2016-08-02,2.5016450443055462,2.2568515074611573
2016-08-03,2.513229841835284,2.263512744811997
2016-08-04,2.517122228683196,2.265593982545816
2016-08-05,2.5510962101940766,2.2836004624305017
2016-08-08,2.5574592087000485,2.282352020167296
2016-08-09,2.566047388907514,2.2838095999765486
2016-08-10,2.559310886588652,2.278188793756941
2016-08-11,2.558063990646952,2.2887010530844947
2016-08-12,2.558666776365374,2.286827826482649
2016-08-15,2.570414382384575,2.2936968872297845
2016-08-16,2.560961984973325,2.282039627997977
2016-08-17,2.5667293810263323,2.286202478936974
2016-08-18,2.5605553405552017,2.29151108072294
2016-08-19,2.5580396365789038,2.287972075444189
2016-08-22,2.544348061388864,2.287244036482277
2016-08-23,2.547288599057477,2.292031484024234
2016-08-24,2.5334018553045934,2.2812070202630403
2016-08-25,2.524515167148507,2.278917020454531
2016-08-26,2.521273246239655,2.2748581750815204
2016-08-29,2.5245908114301105,2.2856824511070366
2016-08-30,2.509101677383025,2.2821441967709992
2016-08-31,2.5065072136369486,2.2757942251754075
2016-09-01,2.5158603791259986,2.27600261177874
2016-09-02,2.5360070039076885,2.2859948432763564
2016-09-06,2.5553289799381025,2.293696887229784
2016-09-07,2.5622148076727256,2.293281052701513
2016-09-08,2.523287492841318,2.28786825761388
2016-09-09,2.472870443596109,2.2330160224892115
2016-09-12,2.515366253823516,2.265177772546189
2016-09-13,2.523966498321665,2.232287795791621
2016-09-14,2.567190823173366,2.231038790321379
2016-09-15,2.626108822306889,2.2536252698230825
2016-09-16,2.613533819673568,2.244257071721391
2016-09-19,2.5949024682877107,2.2454028225683604
2016-09-20,2.602528998772372,2.2456100827576204
2016-09-21,2.611564784656292,2.27069438546413
2016-09-22,2.642045707197785,2.284641832240127
2016-09-23,2.620222320541645,2.272671993103321
2016-09-26,2.600329571269055,2.2538730809189373
2016-09-27,2.616767020417834,2.267577409991046
2016-09-28,2.6246287108860877,2.279503506714721
2016-09-29,2.5929527263958208,2.258999015889552
2016-09-30,2.604600141808984,2.2759461033394586
2016-10-03,2.592546824742769,2.2689375549830664
2016-10-04,2.601837668868213,2.258999015889552
2016-10-05,2.5996159233356786,2.2689375549830664
2016-10-06,2.611704904965862,2.2711342501592733
2016-10-07,2.609318153025075,2.262241586531672
2016-10-10,2.6539450313332646,2.2736444639188718
2016-10-11,2.648471498715244,2.245608580872192
2016-10-12,2.6632797223773115,2.2484330641578967
2016-10-13,2.6459516490304287,2.2415288968388487
2016-10-14,2.653700909253438,2.241737658913538
2016-10-17,2.656804690693123,2.2343110232007297
2016-10-18,2.6817648955617366,2.2481193578388265
2016-10-19,2.687507567636907,2.253663943372891
2016-10-20,2.677701258696534,2.249793209149915
2016-10-21,2.6771449970285737,2.2508394600871857
2016-10-24,2.708754157785032,2.2607776237093438
2016-10-25,2.7023989009268727,2.2535597500712248
2016-10-26,2.6630748541831126,2.248851526985668
2016-10-27,2.6430392000177334,2.2426799042848207
2016-10-28,2.638941908065143,2.236089443284843
2016-10-31,2.620036754296497,2.2354612797039874
2016-11-01,2.590700112048582,2.220188419036526
2016-11-02,2.5617060183247857,2.206274013739978
2016-11-03,2.5381588918324534,2.1970693334144147
2016-11-04,2.525777659955522,2.193406798059093
2016-11-07,2.579229803738212,2.2420517407039657
2016-11-08,2.6036220513171204,2.252408930360931
2016-11-09,2.590465837370426,2.277306811538514
2016-11-10,2.513255623449211,2.2818051461353086
2016-11-11,2.5049783650156776,2.277724898894929
2016-11-14,2.443601050027762,2.2783524992687485
2016-11-15,2.497035299051725,2.2964505941646283
2016-11-16,2.535957242176199,2.2935215421059
2016-11-17,2.546418562913109,2.3038776053487933
2016-11-18,2.529634489138662,2.299274889714654
2016-11-21,2.562832964912629,2.316013027354193
2016-11-22,2.563924676990959,2.319883010634453
2016-11-23,2.547334837953124,2.322393787601088
2016-11-25,2.5554186263496312,2.330867988400917
2016-11-28,2.5628860586896938,2.3206159307240104
2016-11-29,2.568151774463919,2.3243813452312474
2016-11-30,2.534336762023041,2.3174775533835565
2016-12-01,2.5031114583892875,2.309108672299466
2016-12-02,2.507506324150046,2.310992036627959
2016-12-05,2.518976360148626,2.3243813452312474
2016-12-06,2.522867853101333,2.332750601786695
2016-12-07,2.565210914008697,2.362878986707916
2016-12-08,2.570056968135012,2.36852870422204
2016-12-09,2.6112491078911826,2.3835928028148103
2016-12-12,2.6080487271666843,2.3806639384917605
2016-12-13,2.646756576914428,2.396145936705268
2016-12-14,2.640417526656249,2.3780478418093884
2016-12-15,2.6455019564398943,2.385999011008422
2016-12-16,2.6412994192859727,2.382337038860136
2016-12-19,2.6768448560026186,2.3867309924195856
2016-12-20,2.6786963907237387,2.3961459367052687
2016-12-21,2.6799530622725705,2.390191148713293
2016-12-22,2.671367588721829,2.3867195405431865
2016-12-23,2.667444878909193,2.388297271186793
2016-12-27,2.676744586507578,2.395030786773923
2016-12-28,2.664904737813374,2.3753564631198665
2016-12-29,2.662659816015691,2.375145635952712
2016-12-30,2.636204868717052,2.3671492224551174
2017-01-03,2.64927235028722,2.3838783487820803
2017-01-04,2.6418704009349327,2.3982923187195904
2017-01-05,2.648611169679631,2.3960834207242696
2017-01-06,2.674873218249473,2.4055520574140536
2017-01-09,2.6829863160982224,2.397766283347936
2017-01-10,2.6839342417626244,2.396714400340305
2017-01-11,2.703290074847664,2.403131769044542
2017-01-12,2.6853225879813247,2.398502770415388
2017-01-13,2.684825158213088,2.4029222560271384
2017-01-17,2.69220035892402,2.395030786773924
2017-01-18,2.691452571239293,2.3996597854030783
2017-01-19,2.684827029297885,2.3919798942597343
2017-01-20,2.696637640107894,2.3998709880415907
2017-01-23,2.7022003825608563,2.3942946751778296
2017-01-24,2.712776410450101,2.408918533604101
2017-01-25,2.737977786184177,2.428488288485135
2017-01-26,2.751130108157807,2.4277518014176827
2017-01-27,2.7831504417888264,2.424069366080421
2017-01-30,2.765760477280446,2.409655020671553
2017-01-31,2.7524189362599616,2.408602762192565
2017-02-01,2.814352265917944,2.409865096895993
2017-02-02,2.8031756585165413,2.4107072791505413
2017-02-03,2.820235736514497,2.42817232933792
2017-02-06,2.833214162836214,2.423858538913266
2017-02-07,2.842943549851279,2.423753594668885
2017-02-08,2.8468679171210143,2.426698791995979
2017-02-09,2.8729819467958637,2.4409028734447284
2017-02-10,2.868272189617521,2.450476642114572
2017-02-13,2.8969102844243797,2.46404918074025
2017-02-14,2.92186246784162,2.4739390962929866
2017-02-15,2.92663479773471,2.4865641329483776
2017-02-16,2.924585699354187,2.485301798244949
2017-02-17,2.930957258223259,2.488142239063342
2017-02-21,2.939438530422851,2.503187939559602
2017-02-22,2.9413795074835813,2.501715340896055
2017-02-23,2.9402515653535444,2.503714162666936
2017-02-24,2.9417429622158124,2.5067646797097685
2017-02-27,2.936551105358816,2.510657754478506
2017-02-28,2.9319244400649707,2.5043449545472924
2017-03-01,2.984459885204997,2.537907775974241
2017-03-02,2.9551657210958044,2.523283542076612
2017-03-03,2.9696770129019594,2.5247559530044805
2017-03-06,2.965053008676722,2.5173916455369936
2017-03-07,2.969882813582773,2.510026587126792
2017-03-08,2.97645756740491,2.5049761218990065
2017-03-09,2.967260406111784,2.5073964102685187
2017-03-10,2.9767886364994016,2.5161289353622083
2017-03-13,2.9728003987733223,2.5176019094971127
2017-03-14,2.9640142274768984,2.508658932707626
2017-03-15,2.988108089613985,2.5291756263519094
2017-03-16,2.9884097425672507,2.525913718934886
2017-03-17,2.9852659774075305,2.5207583094627197
2017-03-20,3.0034085347275337,2.517496402045696
2017-03-21,2.9695147027956152,2.4857230771079024
2017-03-22,3.005075737717231,2.4911940702559257
2017-03-23,2.9959374471502107,2.4884583859462355
2017-03-24,2.995063470928712,2.4874228359426493
2017-03-27,3.000367768585212,2.4838297627884387
2017-03-28,3.037911870685361,2.5021114631780645
2017-03-29,3.0454092111250204,2.505810043783693
2017-03-30,3.0483313767921145,2.512150253123993
2017-03-31,3.0484219711936955,2.507289213195994
2017-04-03,3.0422907681900444,2.503062156654889
2017-04-04,3.05839473986122,2.5042238650345454
2017-04-05,3.046175037817482,2.4968278302373625
2017-04-06,3.0456581424012987,2.50337999315889
2017-04-07,3.040923393545884,2.501054323571432
2017-04-10,3.035784370063291,2.502851141752056
2017-04-11,3.0170517502380707,2.4996802861391902
2017-04-12,3.013687610078632,2.4895363642132025
2017-04-13,2.9991299536251965,2.473052045211236
2017-04-17,3.0193461048567216,2.4945025361212614
2017-04-18,3.010204111042306,2.487000430665625
2017-04-19,2.996797159961546,2.482667115730388
2017-04-20,3.026770329758445,2.501582799506908
2017-04-21,3.0439515247787767,2.4952424024309297
2017-04-24,3.08369380282238,2.521766825528576
2017-04-25,3.102195358031017,2.5366664676668247
2017-04-26,3.090528995462142,2.5356100790029057
2017-04-27,3.101144779460272,2.5370886852081718
2017-04-28,3.10357707957351,2.5314877789705026
2017-05-01,3.1573920271867357,2.5384625349047334
2017-05-02,3.165724314922479,2.539413603852915
2017-05-03,3.155884818797408,2.53687729483398
2017-05-04,3.144064249856628,2.538568417827508
2017-05-05,3.175984353682123,2.549452393798844
2017-05-08,3.2211793317060904,2.5485018880576984
2017-05-09,3.2345500187176706,2.5465993746899795
2017-05-10,3.231912987234022,2.5507207360439894
2017-05-11,3.229052548437454,2.54607127422586
2017-05-12,3.2521234014161564,2.5421616787173984
2017-05-15,3.24857780213198,2.555053300036512
2017-05-16,3.2752177187210485,2.552939959501637
2017-05-17,3.173811997135839,2.5080292672413416
2017-05-18,3.2051140752017084,2.517011293051993
2017-05-19,3.210678442436377,2.5346578836406537
2017-05-22,3.2376408833812,2.546704882141396
2017-05-23,3.2403694013237287,2.552200280927648
2017-05-24,3.236993148340439,2.5585401147965907
2017-05-25,3.2612731680998417,2.570692620748751
2017-05-26,3.265546717549745,2.5702700277360475
2017-05-30,3.275858818725215,2.5686853508723297
2017-05-31,3.253187456597998,2.566782837504611
2017-06-01,3.2635854945246625,2.5878116740803265
2017-06-02,3.325229784471972,2.596054209052668
2017-06-05,3.3188345448908234,2.594364024737533
2017-06-06,3.329956338750981,2.587389081067623
2017-06-07,3.337777480832436,2.5916159498730496
2017-06-08,3.3239922567418927,2.5923554407113607
2017-06-09,3.219897873574745,2.588339586808768
2017-06-12,3.167336790404108,2.5880228767188385
2017-06-13,3.199417864580586,2.60070329539944
2017-06-14,3.174817232026516,2.5978499008192184
2017-06-15,3.156883367899158,2.5929892363625764
2017-06-16,3.135747803458729,2.590875708092024
2017-06-19,3.201241111115389,2.614229838783841
2017-06-20,3.1653924320047087,2.5972164806393603
2017-06-21,3.1829979211208834,2.5961599042397627
2017-06-22,3.1800191411340126,2.595314718214356
2017-06-23,3.2078187040269204,2.5979559714776714
2017-06-26,3.187980421623432,2.599541399284104
2017-06-27,3.135678757430417,2.579976713266395
2017-06-28,3.1724889985889986,2.6018445405901214
2017-06-29,3.1197091684647287,2.579870642607942
2017-06-30,3.133034293510734,2.5839043314000096
2017-07-03,3.110793908560247,2.5887877118737714
2017-07-05,3.137047357035759,2.5943078917696085
2017-07-06,3.110474886314834,2.570954324284828
2017-07-07,3.1462090174187574,2.587088516246061
2017-07-10,3.167465012327123,2.5895309574256564
2017-07-11,3.173094216511508,2.588256795374472
2017-07-12,3.2003149300301192,2.607683120196996
2017-07-13,3.2369588144599377,2.611717184460421
2017-07-14,3.2731836285870606,2.623075568491774
2017-07-17,3.2913619108589245,2.623606672726753
2017-07-18,3.296284146324674,2.625835658439692
2017-07-19,3.3190870332739206,2.6392106991314006
2017-07-20,3.3189489056268777,2.6404850489182645
2017-07-21,3.308949571266885,2.6384678290508736
2017-07-24,3.325855857259777,2.637831217364478
2017-07-25,3.345959287495811,2.6439880089467107
2017-07-26,3.3512622082196013,2.64473050355588
2017-07-27,3.29882173538871,2.642289564261714
2017-07-28,3.2840432343070165,2.6385733365022905
2017-07-31,3.267902234920142,2.637512629917762
2017-08-01,3.2805456225990635,2.643138692736373
2017-08-02,3.355390745154878,2.644519300917368
2017-08-03,3.3349501939809625,2.639847874024833
2017-08-04,3.3557303208814098,2.6438819382882577
2017-08-07,3.377625530212363,2.6487651310263414
2017-08-08,3.4005961743156927,2.6429263636837885
2017-08-09,3.4050456580451347,2.6423956349201667
2017-08-10,3.323276227436579,2.6057725341950944
2017-08-11,3.371564593222286,2.6084256148061664
2017-08-14,3.422281550720274,2.634433764787449
2017-08-15,3.442953115537703,2.634222186677579
2017-08-16,3.444676801622081,2.638998933285853
2017-08-17,3.382069653669655,2.598659417065678
2017-08-18,3.379839266966529,2.592821776137197
2017-08-21,3.3691771315058685,2.5964308068240958
2017-08-22,3.420612327089554,2.6220139232288515
2017-08-23,3.4134684533651285,2.612990407833212
2017-08-24,3.4046112082280464,2.608107966037843
2017-08-25,3.4142298329683585,2.6133091830156068
2017-08-28,3.43306728355721,2.613840099514907
2017-08-29,3.454452203410616,2.6171301672837326
2017-08-30,3.4801756149782257,2.629763276573307
2017-08-31,3.504028437076565,2.6447305035558792
2017-09-01,3.4867676276879167,2.649295484318605
2017-09-05,3.456888015531524,2.630294005336929
2017-09-06,3.450407883297373,2.639104816208627
2017-09-07,3.463094238012563,2.639104816208627
2017-09-08,3.4249352923940983,2.634646281575713
2017-09-11,3.4748967831266957,2.663414146033556
2017-09-12,3.46577461365756,2.6729676392501025
2017-09-13,3.4631705665588277,2.674135918378513
2017-09-14,3.437866424354358,2.6731799683026867
2017-09-15,3.4679799630711137,2.676577608615395
2017-09-18,3.4507615268410583,2.6826283295391744
2017-09-19,3.4574730437563117,2.6851757149631514
2017-09-20,3.415959192882087,2.686767525782659
2017-09-21,3.369269319469249,2.67891228951543
2017-09-22,3.356216925994147,2.679019298852276
2017-09-25,3.316000252210704,2.673923401590251
2017-09-26,3.345958255340578,2.6754602058559063
2017-09-27,3.3712476248248717,2.6859163322155357
2017-09-28,3.36068932770859,2.6887978871475577
2017-09-29,3.383730374135772,2.6987200932370268
2017-10-02,3.382724270240777,2.70981733693934
2017-10-03,3.396451776974882,2.716217997168174
2017-10-04,3.3761997426965493,2.719739730764488
2017-10-05,3.4293614783657227,2.7355313051121346
2017-10-06,3.443137696860496,2.7326499379157903
2017-10-09,3.446749134829265,2.7280624288716244
2017-10-10,3.4395281088144043,2.735104957385858
2017-10-11,3.4778620613665243,2.739051912294376
2017-10-12,3.471816921018342,2.735104957385858
2017-10-13,3.4865776902678176,2.738198465899108
2017-10-16,3.5209275457536067,2.742679904284822
2017-10-17,3.5302949538027764,2.744387172546716
2017-10-18,3.525531784109161,2.7467342440015434
2017-10-19,3.464939577979455,2.747801333599147
2017-10-20,3.4735517745048647,2.761885076477864
2017-10-23,3.4385463741815685,2.751322503988425
2017-10-24,3.453923122186283,2.7554834775706354
2017-10-25,3.451528664303513,2.7425734581550114
2017-10-26,3.4624498420611625,2.7458811730776325
2017-10-27,3.598264639091971,2.767860139923136
2017-10-30,3.637657389909181,2.758365032502658
2017-10-31,3.6629987885333226,2.761458728751586
2017-11-01,3.656073612250344,2.765939791665942
2017-11-02,3.686713029287669,2.7674332289898222
2017-11-03,3.73675125866589,2.7760763919004607
2017-11-06,3.763159868149156,2.780770910281473
2017-11-07,3.7648959493208407,2.779383543616045
2017-11-08,3.786923378493391,2.7841856345409406
2017-11-09,3.77265660681996,2.7740494097777786
2017-11-10,3.761452354162208,2.7721283105778705
2017-11-13,3.755079250333921,2.7752233209765493
2017-11-14,3.728818721057368,2.769674417521875
2017-11-15,3.689636791569252,2.754736852776533
2017-11-16,3.716688396929616,2.777784035633712
2017-11-17,3.688589324862217,2.770208150056356
2017-11-20,3.6895921516590655,2.774583330047937
2017-11-21,3.750582392244617,2.7926155297206017
2017-11-22,3.757113109323172,2.7905872334481687
2017-11-24,3.760534481516521,2.7964549120852378
2017-11-27,3.7643316207443975,2.7956020288970054
2017-11-28,3.7754213954132014,2.8237702655971524
2017-11-29,3.70197905148547,2.821956926676805
2017-11-30,3.746343378390496,2.8476707071139207
2017-12-01,3.7395397269022888,2.840949018874548
2017-12-04,3.655603617528053,2.8379612055483934
2017-12-05,3.66510377091421,2.8273982575875976
2017-12-06,3.6844520546305057,2.8280389994589243
2017-12-07,3.6814569138907927,2.836574214354323
2017-12-08,3.718873994605603,2.852045887105503
2017-12-11,3.778753395439684,2.8618616470651626
2017-12-12,3.775822280145747,2.8662366393210656
2017-12-13,3.777007619569794,2.8655957097140603
2017-12-14,3.761887526740725,2.854499404690141
2017-12-15,3.828800049677211,2.878613489409245
2017-12-18,3.845343853442351,2.896538492009384
2017-12-19,3.812545461981541,2.885100132578914
2017-12-20,3.803613975829387,2.883599373563565
2017-12-21,3.8104249856522703,2.8893878277442324
2017-12-22,3.810645718724475,2.888638762386309
2017-12-26,3.759433037400355,2.884992935506389
2017-12-27,3.766606168649024,2.886816224417706
2017-12-28,3.772101019797768,2.8921755148369166
2017-12-29,3.747800158018854,2.882098426812538
2018-01-02,3.79014342166611,2.9035385922602366
2018-01-03,3.798643460151171,2.920369283589364
2018-01-04,3.824211091731189,2.9330187258829827
2018-01-05,3.869699172704983,2.951564758108187
2018-01-08,3.8645443973037934,2.958104905946279
2018-01-09,3.863000161885672,2.96485813377967
2018-01-10,3.853729877418117,2.960140711645859
2018-01-11,3.8703479338909057,2.981152464274816
2018-01-12,3.923791211718725,3.000663457888423
2018-01-16,3.8863069986369383,2.989836929034764
2018-01-17,3.9577973663477,3.0196380906680487
2018-01-18,3.958671335350407,3.0151352504149656
2018-01-19,3.947674473325368,3.0283208658068888
2018-01-22,3.967174357994224,3.052334136466542
2018-01-23,3.974016219750003,3.0594095187245447
2018-01-24,3.941265705015032,3.057800623958277
2018-01-25,3.918354017554925,3.058981481377159
2018-01-26,3.9609405711919137,3.0944623982331576
2018-01-29,3.918844923576718,3.0739892592663267
2018-01-30,3.881917028700709,3.04075685263385
2018-01-31,3.937084527604618,3.0461159553173816
2018-02-01,3.924373329583185,3.0422570484421634
2018-02-02,3.789635087662629,2.975149052742061
2018-02-05,3.6621280287675977,2.852082120091487
2018-02-06,3.8074989787057754,2.9079338599694355
2018-02-07,3.731182247543455,2.8900311979150595
2018-02-08,3.5813972228952826,2.78315196189414
2018-02-09,3.6722293908832495,2.826569029094877
2018-02-12,3.762704730729839,2.864196140229517
2018-02-13,3.796140209615125,2.872558262829175
2018-02-14,3.8606194344206606,2.912115109004943
2018-02-15,3.963654171400975,2.9482414611242347
2018-02-16,3.942837115642095,2.948992028367588
2018-02-20,3.952407994896785,2.93098160603365
2018-02-21,3.916521452114159,2.9158681329573874
2018-02-22,3.937620282133005,2.919834049169452
2018-02-23,4.022397014783341,2.9664659021318647
2018-02-26,4.090843629041996,3.0011979413656173
2018-02-27,4.057384807686617,2.9638937355983024
2018-02-28,4.044868468000567,2.930232165204369
2018-03-01,3.990042796792533,2.891211116655548
2018-03-02,4.007828010839326,2.907291053005643
2018-03-05,4.027643690699962,2.93945148891287
2018-03-06,4.018891413452179,2.947491457087917
2018-03-07,4.012775370902649,2.9464194863626685
2018-03-08,4.046489914556596,2.9601407116458582
2018-03-09,4.126827344134922,3.0104187669595475
2018-03-12,4.151124117063738,3.0079524833487588
2018-03-13,4.079473849925569,2.9884414897351523
2018-03-14,4.050174201496335,2.973113059306803
2018-03-15,4.059809795997299,2.970003405525187
2018-03-16,4.062175383955363,2.972683520073989
2018-03-19,3.994240624032629,2.9328045194736108
2018-03-20,3.9989017626356977,2.9379511053688785
2018-03-21,3.940686410173957,2.93259031306424
2018-03-22,3.854324373474071,2.8587084386060924
2018-03-23,3.753299316831613,2.79797350599006
2018-03-26,3.986068480004557,2.875182807617089
2018-03-27,3.841600669311667,2.824787417504226
2018-03-28,3.819305767620873,2.817249079062605
2018-03-29,3.8753464377267752,2.8576306480748035
2018-04-02,3.802215369024525,2.7912974375206048
2018-04-03,3.8474753215277455,2.8275869319446665
2018-04-04,3.941110839355975,2.8604314766649948
2018-04-05,3.955347220713358,2.8803528604721915
2018-04-06,3.8588980779523103,2.8167108408718367
2018-04-09,3.88929918388646,2.828879304356684
2018-04-10,3.971401590400655,2.8748610286638354
2018-04-11,3.939841956885229,2.8592466767968605
2018-04-12,3.996747040926869,2.883690613103401
2018-04-13,3.99216546548416,2.8748610286638354
2018-04-16,4.028367347741602,2.8987669145152863
2018-04-17,4.097206507446393,2.9297802854257924
2018-04-18,4.1010006605140665,2.9310720946307733
2018-04-19,4.038078711952489,2.915242409940355
2018-04-20,3.9353508898520384,2.890690525618575
2018-04-23,3.9378178760115934,2.890690525618575
2018-04-24,3.862983263358168,2.852461909369452
2018-04-25,3.8528500879007184,2.8581700126796448
2018-04-26,3.90238894058902,2.8875682935464875
2018-04-27,3.916028631406798,2.8901519119564494
2018-04-30,3.897449472710982,2.8677537313404584
2018-05-01,3.972639728959244,2.873352572485661
2018-05-02,4.022002635586911,2.8533247425486543
2018-05-03,4.037953230460665,2.847185785855896
2018-05-04,4.138692781996762,2.884013142999369
2018-05-07,4.176876511774073,2.894458192953956
2018-05-08,4.1776017812569135,2.8932750827069293
2018-05-09,4.217117813377236,2.9229958934697406
2018-05-10,4.268197761381881,2.949485397731153
2018-05-11,4.25556567104258,2.9556241666882324
2018-05-14,4.258011788573055,2.9593937113804007
2018-05-15,4.223327668620487,2.937748538571586
2018-05-16,4.24816667364848,2.9516407910580518
2018-05-17,4.2133796616425006,2.9492711913217824
2018-05-18,4.209859201652483,2.9420551950404503
2018-05-21,4.252098982088379,2.963592419834025
2018-05-22,4.244666951852276,2.955624166688233
2018-05-23,4.283796335824448,2.964024211894984
2018-05-24,4.273674087655548,2.958639201687795
2018-05-25,4.279550521579598,2.950348230910356
2018-05-29,4.264222883554992,2.9175034984543493
2018-05-30,4.280732768938731,2.9564853102463267
2018-05-31,4.271304180430418,2.936887395013492
2018-06-01,4.352065738785347,2.967038871423189
2018-06-04,4.389276805479531,2.980822800423057
2018-06-05,4.4172506485493646,2.983514554583937
2018-06-06,4.4313541505975085,3.0091436662299698
2018-06-07,4.389730963747372,3.007204732140587
2018-06-08,4.386945981987746,3.0156036509332664
2018-06-11,4.36882034066808,3.020666131244488
2018-06-12,4.38624186514035,3.0247583935683027
2018-06-13,4.358496030586163,3.01431278040668
2018-06-14,4.3723007727038485,3.0228188962718834
2018-06-15,4.321857471707121,3.018512615274376
2018-06-18,4.337012715747504,3.011943743877447
2018-06-19,4.303234090048084,3.000851944509816
2018-06-20,4.334703649404472,3.007097347332384
2018-06-21,4.306924755527625,2.986314256760057
2018-06-22,4.284681985036094,2.992452087038743
2018-06-25,4.209229036278995,2.9516407910580518
2018-06-26,4.24962852957411,2.958683507307963
2018-06-27,4.212334242968871,2.933258839816011
2018-06-28,4.251454505497417,2.951650741049021
2018-06-29,4.246689770096892,2.954139177469893
2018-07-02,4.300801378765012,2.9624690095328194
2018-07-03,4.243312334003233,2.950677519290757
2018-07-05,4.275518913191351,2.9759936755604337
2018-07-06,4.3351673451379895,2.999146929076066
2018-07-09,4.37944315220324,3.0272751780766547
2018-07-10,4.382910334418099,3.0383106567406823
2018-07-11,4.352436660780661,3.015698832922357
2018-07-12,4.436552837057807,3.041664742375937
2018-07-13,4.467496962504765,3.044802181037997
2018-07-16,4.451262418913767,3.0437204480574565
2018-07-17,4.480410464651686,3.0560550576179333
2018-07-18,4.450291463116011,3.062761914738691
2018-07-19,4.450644223142143,3.050104587546567
2018-07-20,4.487427765814431,3.0468595763406245
2018-07-23,4.527179433566335,3.0524850759521995
2018-07-24,4.535667947081238,3.06773935078747
2018-07-25,4.626438593138496,3.096193321190565
2018-07-26,4.592729327525028,3.0854828129863283
2018-07-27,4.513742498469164,3.065683457370272
2018-07-30,4.450434999682385,3.048480486190327
2018-07-31,4.470458661814551,3.064818371362925
2018-08-01,4.599063376812359,3.060490125291013
2018-08-02,4.693028994628007,3.075095773356453
2018-08-03,4.710143915158346,3.08937682643346
2018-08-06,4.72410983379677,3.101278142047548
2018-08-07,4.71910959063714,3.110149779279138
2018-08-08,4.734248442275915,3.1090691727126694
2018-08-09,4.756309452117721,3.106254639417936
2018-08-10,4.73449481806103,3.084183494354201
2018-08-13,4.73178889145351,3.0737973934027187
2018-08-14,4.771640623162881,3.0934880500608206
2018-08-15,4.743992139762543,3.068821083768011
2018-08-16,4.777773657197257,3.09532804744754
2018-08-17,4.82377643344753,3.1054978768971853
2018-08-20,4.784338689352037,3.1130709464393616
2018-08-21,4.759769121299112,3.1183722265338605
2018-08-22,4.784031342994851,3.1182639030472634
2018-08-23,4.800101912828332,3.112962998424122
2018-08-24,4.826332400274763,3.13232774594404
2018-08-27,4.872948834301209,3.157104725344555
2018-08-28,4.907267882207502,3.157969435880544
2018-08-29,4.98307643241729,3.1758219725087136
2018-08-30,5.004294065896642,3.162296743274063
2018-08-31,5.041687469555906,3.163920656894624
2018-09-04,5.035934936359749,3.1586182503860534
2018-09-05,4.947371129227078,3.150071771349933
2018-09-06,4.911063499702943,3.1408747881871952
2018-09-07,4.87920735488964,3.1331945215724946
2018-09-10,4.87236316162884,3.140227100095758
2018-09-11,4.975303347697258,3.1507209613268
2018-09-12,4.954917380428647,3.1509368573572787
2018-09-13,5.04109836565271,3.169113050295489
2018-09-14,5.022822583419413,3.169005290015928
2018-09-17,4.929081174650177,3.153100698789717
2018-09-18,4.957008398649023,3.170737339387408
2018-09-19,4.924686763375132,3.173008565628049
2018-09-20,4.984951901093732,3.199838622410583
2018-09-21,4.974043070377969,3.195511315017064
2018-09-24,5.017996428434072,3.1858827275290453
2018-09-25,5.028636269287023,3.182529017365149
2018-09-26,4.998454332810586,3.173151620215202
2018-09-27,5.058414835829052,3.181844157609333
2018-09-28,5.066300344013418,3.180867181137496
2018-10-01,5.110921276950878,3.1932547321593594
2018-10-02,5.123084698195752,3.191949593721193
2018-10-03,5.154539290089598,3.194124323822994
2018-10-04,5.055973398663445,3.1701095512779105
2018-10-05,5.000094897269309,3.150441235165571
2018-10-08,4.96569259346899,3.150549746387847
2018-10-09,5.031674975717211,3.1467475356875894
2018-10-10,4.778464772272828,3.0452561259090394
2018-10-11,4.7516457808894765,2.9809277446674383
2018-10-12,4.918622318003164,3.0211337808200738
2018-10-15,4.821778287784961,3.004833818254568
2018-10-16,4.951042795488165,3.0710097063100346
2018-10-17,4.9338899335356885,3.070356761619594
2018-10-18,4.827011971472212,3.026349641180773
2018-10-19,4.867154418652897,3.023741053925548
2018-10-22,4.903736785023436,3.012331418053915
2018-10-23,4.892639242116871,2.994402285268846
2018-10-24,4.678480940258573,2.902800603307354
2018-10-25,4.864549053413533,2.9558278598995984
2018-10-26,4.7956873948044265,2.9023661829468943
2018-10-29,4.681019901833963,2.886175482546379
2018-10-30,4.690117277905995,2.932356018937251
2018-10-31,4.820783298960226,2.9638683912816823
2018-11-01,4.838223416724164,2.99277349052064
2018-11-02,4.679775732472701,2.9761479942883065
2018-11-05,4.64450471523485,2.9944022852688468
2018-11-06,4.673428282751491,3.011679975248905
2018-11-07,4.83692442891562,3.076551288073241
2018-11-08,4.824087011039544,3.069923655408885
2018-11-09,4.730506643546882,3.042104607071078
2018-11-12,4.555259757612451,2.9828850768533317
2018-11-13,4.535189942382395,2.9785386204205877
2018-11-14,4.440719791090245,2.9578923891580167
2018-11-15,4.544011103793168,2.987773526190418
2018-11-16,4.590337707686609,2.996249979818391
2018-11-19,4.422375675931946,2.946156656412521
2018-11-20,4.257989060358949,2.8915000418650334
2018-11-21,4.287200710402791,2.900843646592819
2018-11-23,4.2362275847060165,2.882914701543428
2018-11-26,4.3385721365735,2.928119387876533
2018-11-27,4.34938139401258,2.937355044589078
2018-11-28,4.513485953005791,3.0059206200984327
2018-11-29,4.477097810458938,2.999834980338419
2018-11-30,4.482000475129055,3.020806933003496
2018-12-03,4.578541385309125,3.0574260912793165
2018-12-04,4.407695658791961,2.961369253927126
2018-12-06,4.4007737039921215,2.953653880740512
2018-12-07,4.233150823066509,2.886066971324104
2018-12-10,4.307739651093599,2.8904136154925264
2018-12-11,4.319380533768428,2.890955983868226
2018-12-12,4.335626996582347,2.906603001743291
2018-12-13,4.364567785850162,2.903886654208505
2018-12-14,4.226756626095488,2.8512941934480778
2018-12-17,4.139062817951976,2.79329719796988
2018-12-18,4.187072292296295,2.792969974681945
2018-12-19,4.123015324223737,2.750576066930001
2018-12-20,4.028777645302474,2.703483886083472
2018-12-21,3.887084465750203,2.6479781430613256
2018-12-24,3.751511137056714,2.5795802155130305
2018-12-26,4.011233195777109,2.7061061780432403
2018-12-27,4.01378168535012,2.7322200232116183
2018-12-28,3.996932349697989,2.7277562319797006
2018-12-31,4.040272877989163,2.7527006716055955
2019-01-02,4.0321742239474325,2.753904245041598
2019-01-03,3.773202279760611,2.685088981079602
2019-01-04,3.94263414818973,2.7795044453931146
2019-01-07,3.941872643836828,2.798212305773339
2019-01-08,3.989942161949649,2.8257818533941834
2019-01-09,4.05150601458387,2.838910209404109
2019-01-10,4.041922254125759,2.8500703445587785
2019-01-11,4.007116545044669,2.8485378582137333
2019-01-14,3.964734175063922,2.83475317827115
2019-01-15,4.065448559596087,2.8653858212252983
2019-01-16,4.094612420591997,2.872934485129247
2019-01-17,4.121492695189025,2.8940485537030822
2019-01-18,4.167907566464729,2.932778236478596
2019-01-22,4.083060569341931,2.893720954943789
2019-01-23,4.11310721016281,2.8978789247551413
2019-01-24,4.088047709401149,2.900723120287107
2019-01-25,4.166263211725944,2.9265418449686043
2019-01-28,4.103042582171096,2.9030206295227643
2019-01-29,4.036914453112207,2.898972860554796
2019-01-30,4.232051747235806,2.9454695438285605
2019-01-31,4.201530174055906,2.970850844378738
2019-02-01,4.165365963294442,2.9724922174174164
2019-02-04,4.2845929638895806,2.993825748999626
2019-02-05,4.350508246142841,3.0066263185145816
2019-02-06,4.324452720558947,3.002139811265544
2019-02-07,4.270580598707107,2.9739133765050063
2019-02-08,4.281804954976803,2.977196310318042
2019-02-11,4.261395165883914,2.97883768335672
2019-02-12,4.314579336701296,3.017565864246805
2019-02-13,4.304830217806251,3.0267562766607887
2019-02-14,4.313795903758559,3.0198633734824614
2019-02-15,4.339185231049188,3.0541069244802945
2019-02-19,4.343774428461808,3.058373593249601
2019-02-20,4.343464294050982,3.0642823860003
2019-02-21,4.383572636255991,3.054653423040925
2019-02-22,4.440148954594493,3.07226809856421
2019-02-25,4.468245036340527,3.077081453629826
2019-02-26,4.486732854978862,3.074783568922812
2019-02-27,4.488494898756929,3.07325202125616
2019-02-28,4.466073315711028,3.0667969176805085
2019-03-01,4.4977345714444334,3.088568624336752
2019-03-04,4.501501879353543,3.0759880810372078
2019-03-05,4.48528664676688,3.072049198762872
2019-03-06,4.4751022301700765,3.052466114648652
2019-03-07,4.421803880946866,3.027850775667479
2019-03-08,4.429102422647314,3.0217234585867985
2019-03-11,4.548517891911657,3.0655944706585774
2019-03-12,4.588847849505786,3.076425692904204
2019-03-13,4.617655080821064,3.097759224486413
2019-03-14,4.642310002929666,3.0962274890840837
2019-03-15,4.698849988020813,3.110120492513263
2019-03-18,4.757571476785826,3.1224830746898635
2019-03-19,4.742686838566251,3.123906862076954
2019-03-20,4.758011107568697,3.112702796773474
2019-03-21,4.896525401938961,3.147630456584409
2019-03-22,4.779778481596909,3.088208547305048
2019-03-25,4.767664742476145,3.0854623497973512
2019-03-26,4.751462703435864,3.107978803890909
2019-03-27,4.744567594130922,3.0928215884015136
2019-03-28,4.750976109654279,3.1050144575245886
2019-03-29,4.787532287035151,3.125554805864385
2019-04-01,4.8263396852151335,3.1616903570319312
2019-04-02,4.861310447981755,3.16246007331451
2019-04-03,4.893798669015382,3.168169866245811
2019-04-04,4.883849402329751,3.1757498820080987
2019-04-05,4.91047429672056,3.1902483330010143
2019-04-08,4.946097690762296,3.1937631203772163
2019-04-09,4.92471714357861,3.1772870617451114
2019-04-10,4.957785803469855,3.1877225371800857
2019-04-11,4.942239313931769,3.1875032619073904
2019-04-12,4.9553263530483775,3.2090312876527105
2019-04-15,4.96161358876051,3.2063947277813623
2019-04-16,4.955523102421706,3.2088108859659434
2019-04-17,5.021534085619708,3.2003533936415165
2019-04-18,5.065796782150425,3.207272955286216
2019-04-22,5.082098144498156,3.2105688428610804
2019-04-23,5.153028968673251,3.238467115655289
2019-04-24,5.139746538353816,3.2316575671182943
2019-04-25,5.212064795927311,3.2296807104218197
2019-04-26,5.217778546101882,3.245386677299989
2019-04-29,5.218544715216339,3.248902591090263
2019-04-30,5.193135257483079,3.2505497839349804
2019-05-01,5.242110656458113,3.227044901493185
2019-05-02,5.189101242651401,3.22111282951833
2019-05-03,5.278891981572633,3.251319124746201
2019-05-06,5.2253514403595664,3.239124941473375
2019-05-07,5.103088855654236,3.1843177629115886
2019-05-08,5.103311089646266,3.18003438566688
2019-05-09,5.078670043291251,3.171246854019338
2019-05-10,5.084287875201984,3.1853060035241465
2019-05-13,4.870184341463294,3.106221973409843
2019-05-14,4.9343647580550405,3.1339017218740715
2019-05-15,4.999391119273465,3.1526835501116954
2019-05-16,5.055823415706756,3.180472185269557
2019-05-17,5.024211672556871,3.162240047099101
2019-05-20,4.915882713772555,3.141150384163493
2019-05-21,4.97074159429761,3.1686106696193472
2019-05-22,4.945222462899753,3.1594942250627622
2019-05-23,4.876413621641768,3.1200620353776367
2019-05-24,4.870013504562967,3.127750937833557
2019-05-28,4.859882138582783,3.0983139834169062
2019-05-29,4.822707308043906,3.0781042376072607
2019-05-30,4.850934552830882,3.085023236044924
2019-05-31,4.768211454634383,3.0458105093681724
2019-06-03,4.661381460540293,3.035706762877421
2019-06-04,4.807822051991539,3.1022686354882496
2019-06-05,4.900870507087489,3.128848440611106
2019-06-06,4.976051754995619,3.1497192037453754
2019-06-07,5.1125253450542285,3.18168120304024
2019-06-10,5.167011761871378,3.1962885407267883
2019-06-11,5.18076510367911,3.195740728016407
2019-06-12,5.159986416152798,3.188491127048592
2019-06-13,5.178324603275424,3.203098840206498
2019-06-14,5.165414121879478,3.1990354891771995
2019-06-17,5.187398609844762,3.201997582715375
2019-06-18,5.290963509645363,3.231946680063458
2019-06-19,5.29644028773409,3.2406756381792525
2019-06-20,5.342840191047524,3.271398957466202
2019-06-21,5.3356468532402905,3.2664265902807466
2019-06-24,5.351736909064234,3.2631100517812275
2019-06-25,5.219418396110496,3.2315043748044934
2019-06-26,5.278295752997198,3.227857421510501
2019-06-27,5.282602731601216,3.241118694380931
2019-06-28,5.257838235411815,3.25736421359962
2019-07-01,5.337588949593797,3.285765242541328
2019-07-02,5.37122909674083,3.2958233692621604
2019-07-03,5.410040103861386,3.3206885844316534
2019-07-05,5.398960782072754,3.316488937299636
2019-07-08,5.349362762123605,3.29935843209166
2019-07-09,5.351760671232406,3.304664593313805
2019-07-10,5.405602031416794,3.3198028474996524
2019-07-11,5.401412175509614,3.325660576145752
2019-07-12,5.430158231085215,3.342901845404147
2019-07-15,5.451632805063537,3.342569928724246
2019-07-16,5.40244917979655,3.3312979031050847
2019-07-17,5.371183435919605,3.3096373359706184
2019-07-18,5.400551027418446,3.322566692161146
2019-07-19,5.3705617205376015,3.303226913486492
2019-07-22,5.463591968282615,3.3107423481753147
2019-07-23,5.501275725597452,3.334391787089692
2019-07-24,5.531734985837445,3.350416529150256
2019-07-25,5.501186055343186,3.3342806475679145
2019-07-26,5.535313595020634,3.3570466023784347
2019-07-29,5.550108814996808,3.3509677211028537
2019-07-30,5.524596664497551,3.342790330411014
2019-07-31,5.480131056458111,3.3068734913091267
2019-08-01,5.468821218095056,3.276923643018329
2019-08-02,5.392978319675472,3.2537168848342737
2019-08-05,5.166728642145179,3.155914105670382
2019-08-06,5.264020512932643,3.198018712741484
2019-08-07,5.3003131483064605,3.201113347668806
2019-08-08,5.431394218659516,3.2632208158316507
2019-08-09,5.385833266199669,3.242003680370221
2019-08-12,5.336612945011373,3.202770302768815
2019-08-13,5.49604496489057,3.2521703183133286
2019-08-14,5.331358350318457,3.1562448959362124
2019-08-15,5.313144005047924,3.1644226620994096
2019-08-16,5.422513080917968,3.2112807365546283
2019-08-19,5.517751258398922,3.249848778910801
2019-08-20,5.491743510402887,3.224651647061405
2019-08-21,5.552226289471071,3.25106417969456
2019-08-22,5.527255876490871,3.2498487789108004
2019-08-23,5.316715055086818,3.165860341926722
2019-08-26,5.406955674296156,3.201113347668805
2019-08-27,5.387245893199086,3.188846322952652
2019-08-28,5.39861989979316,3.210395375093984
2019-08-29,5.496041593551224,3.2521703183133277
2019-08-30,5.48708756674025,3.25205917879155
2019-09-03,5.411440872240405,3.231504374804495
2019-09-04,5.486942781043269,3.268525475168364
2019-09-05,5.588066829665291,3.311294666541984
2019-09-06,5.566265884287042,3.3135039400086623
2019-09-09,5.540648611189126,3.31505313482911
2019-09-10,5.536495898830668,3.3148308557855555
2019-09-11,5.615164585831258,3.338812211379835
2019-09-12,5.64132049086362,3.349421530053265
2019-09-13,5.587796132014884,3.347101117064809
2019-09-16,5.5782897948266665,3.337264893916174
2019-09-17,5.611393174040337,3.345331896028952
2019-09-18,5.660422307413547,3.347763448539184
2019-09-19,5.697912855646261,3.3473218942229344
2019-09-20,5.6244380372406,3.328866726066209
2019-09-23,5.62879638309121,3.3306344452166368
2019-09-24,5.577084132280173,3.304124665501928
2019-09-25,5.659863189083901,3.3227825881916235
2019-09-26,5.651084681125298,3.3161194734839983
2019-09-27,5.597898837806703,3.298461431018939
2019-09-30,5.685548121969871,3.315340370417486
2019-10-01,5.648028876809401,3.2752482898218087
2019-10-02,5.529522775419653,3.216610177000927
2019-10-03,5.587537427748964,3.2433752772386373
2019-10-04,5.699190708057799,3.287576140897853
2019-10-07,5.677039851237747,3.272805848642212
2019-10-08,5.61408680787537,3.222163022904853
2019-10-09,5.702139954375355,3.252705364997557
2019-10-10,5.756210422998884,3.275692847908916
2019-10-11,5.838454023037394,3.3083445880872424
2019-10-14,5.831663436227927,3.306123675008485
2019-10-15,5.871336053473228,3.3386639001936778
2019-10-16,5.834267967028142,3.3325557321522226
2019-10-17,5.828184646613719,3.341884318025713
2019-10-18,5.789151518090408,3.32733592934227
2019-10-21,5.858592197170019,3.351212528427847
2019-10-22,5.805595920265547,3.33955226542518
2019-10-23,5.861696703350618,3.349214269864002
2019-10-24,5.927537240047098,3.3552116738550377
2019-10-25,5.979339313736248,3.3685386542130047
2019-10-28,6.085803118469792,3.387419231417613
2019-10-29,5.989905324789172,3.3863078361998413
2019-10-30,6.029997429761213,3.396970096334658
2019-10-31,6.063905985009369,3.3869735469164324
2019-11-01,6.151534641679504,3.420070220653225
2019-11-04,6.1893478100826655,3.4329533938667978
2019-11-05,6.1831269011792,3.428842733446473
2019-11-06,6.175283741485993,3.4304001886367823
2019-11-07,6.213331890661038,3.442616149248335
2019-11-08,6.259982523467651,3.450278017766525
2019-11-11,6.2867098727075295,3.4446140323408216
2019-11-12,6.305796700446585,3.450500672281437
2019-11-13,6.3396593997087445,3.4523877913235044
2019-11-14,6.335980473728937,3.4572753019821976
2019-11-15,6.414680620991207,3.482929757944852
2019-11-18,6.438252878408375,3.484483458421588
2019-11-19,6.430218557213005,3.483707734597292
2019-11-20,6.389202338143581,3.4708238104410047
2019-11-21,6.372653637518544,3.465827037617321
2019-11-22,6.37255773899949,3.473267002563315
2019-11-25,6.461892080095656,3.499477531606212
2019-11-26,6.456579453700931,3.5064748158218846
2019-11-27,6.503375344869919,3.5233545061631464
2019-11-29,6.475272614468803,3.510139040798314
2019-12-02,6.39858646093976,3.480708093923381
2019-12-03,6.339801129940693,3.45671997984467
2019-12-04,6.3780303733754815,3.4781537622792933
2019-12-05,6.423321394392268,3.4854840895889394
2019-12-06,6.522871501861819,3.5165810028764573
2019-12-09,6.4710804512834565,3.506141397256552
2019-12-10,6.483498990446163,3.5024771722801225
2019-12-11,6.522412309004167,3.511361575537862
2019-12-12,6.565321811111227,3.5424577378826654
2019-12-13,6.636489181433679,3.5436791462081425
2019-12-16,6.712596342873369,3.569151498562479
2019-12-17,6.69967865579742,3.5694879208986694
2019-12-18,6.684800998895704,3.5697109508849385
2019-12-19,6.718509405940768,3.585023799251956
2019-12-20,6.750690071576788,3.603355437332112
2019-12-23,6.802308872382621,3.6059251633018494
2019-12-24,6.804681150484183,3.606373476102532
2019-12-26,6.897925196877279,3.625039283690733
2019-12-27,6.903289604907975,3.624368691846496
2019-12-30,6.891534544648781,3.604808886956433
2019-12-31,6.918153783881337,3.61296675313769
2020-01-02,7.060546895985183,3.647394848307664
2020-01-03,6.981911401786212,3.619338502072009
2020-01-06,7.018083399992874,3.633645462672673
2020-01-07,6.969075653579076,3.623698100002261
2020-01-08,7.080616625110093,3.642140877604193
2020-01-09,7.199096639633633,3.6667316232114593
2020-01-10,7.189929817917314,3.656560479612063
2020-01-13,7.309192262186801,3.682155611100255
2020-01-14,7.234534338669898,3.6764548294815302
2020-01-15,7.243297260029029,3.684726463484066
2020-01-16,7.355587349297343,3.715352535689461
2020-01-17,7.416288208958552,3.7276473452860577
2020-01-21,7.3781625207104575,3.71959874126979
2020-01-22,7.372723261139605,3.720381599049877
2020-01-23,7.413288953013866,3.7249646024377543
2020-01-24,7.364586611252918,3.6910974614756697
2020-01-27,7.195730086210925,3.631186876224711
2020-01-28,7.367139341895141,3.6698600505609424
2020-01-29,7.501216143977297,3.667288822705774
2020-01-30,7.603924146574751,3.67835433907839
2020-01-31,7.383252870471202,3.61296675313769
2020-02-03,7.468211819868101,3.6388986824334295
2020-02-04,7.714379616430349,3.695345168941429
2020-02-05,7.73879616607972,3.736477305196981
2020-02-06,7.86636747165692,3.750784641269002
2020-02-07,7.822253128372865,3.730441603127496
2020-02-10,7.94912393466844,3.758050387505184
2020-02-11,7.830022134793313,3.764978960462459
2020-02-12,7.922299877937141,3.7891221442117584
2020-02-13,7.873069860657575,3.784427625830746
2020-02-14,7.911353935280587,3.7899053774632017
2020-02-18,7.886687677329693,3.780852012094652
2020-02-19,7.951905290779538,3.798959118303108
2020-02-20,7.848877133815275,3.7834228644784624
2020-02-21,7.633381006576657,3.744526660155962
2020-02-24,7.288688038522372,3.619560781115563
2020-02-25,7.109641539289712,3.511029283386602
2020-02-26,7.209486470886166,3.497505180566024
2020-02-27,6.718418803586231,3.338787430270248
2020-02-28,6.804128108639959,3.3074915171633315
2020-03-02,7.339256992557262,3.4694507116871547
2020-03-03,7.042353705371092,3.3699710774413147
2020-03-04,7.332659793951552,3.5180719996365144
2020-03-05,7.123424430438722,3.395232790364175
2020-03-06,6.971877852641956,3.338675915277113
2020-03-09,6.462253355319308,3.07153686809576
2020-03-10,6.915153387646475,3.2364031496039067
2020-03-11,6.636111713864211,3.07902564431821
2020-03-12,5.994513703268925,2.7827139745557847
2020-03-13,6.783765894264021,3.0352105774786766
2020-03-16,5.843022338144705,2.6839060585682524
2020-03-17,6.218673737196237,2.8545840734812225
2020-03-18,6.007435284670278,2.6956421667851047
2020-03-19,6.038780313530932,2.705589904926875
2020-03-20,5.739960266340621,2.5837571466279265
2020-03-23,5.653392742421598,2.5109926749292684
2020-03-24,6.191268628596109,2.748287944478276
2020-03-25,6.143386264828641,2.7833903862060594
2020-03-26,6.500003336824682,2.9509765822268883
2020-03-27,6.232107019075727,2.859535226534988
2020-03-30,6.552967438106106,2.9508639408196817
2020-03-31,6.489477952294015,2.906324214260453
2020-04-01,6.209683758336302,2.7758550515352978
2020-04-02,6.327283347404396,2.840977554697705
2020-04-03,6.254662746925369,2.8008240845351
2020-04-06,6.755061773311968,2.9895551377810667
2020-04-07,6.679890039742249,2.9907926913749097
2020-04-08,6.792711736828738,3.093031289154596
2020-04-09,6.814724685849876,3.139370649929629
2020-04-13,6.882864988444809,3.109227621625472
2020-04-14,7.226615736782327,3.20359258504142
2020-04-15,7.155293488419185,3.1331834451674507
2020-04-16,7.298856381893853,3.1498303432671526
2020-04-17,7.290368738664124,3.234522789046272
2020-04-20,7.142865024499788,3.176937497911413
2020-04-21,6.880282790779204,3.080209693243629
2020-04-22,7.098254101294627,3.1499437356170734
2020-04-23,7.038120845683354,3.1490444817162078
2020-04-24,7.1997434484985465,3.1931330794395745
2020-04-27,7.190586995452577,3.241383777159224
2020-04-28,7.041609626443704,3.2239510175085777
2020-04-29,7.319571509451193,3.308193648601585
2020-04-30,7.429124132329561,3.2747887128804045
2020-05-01,7.269417996746567,3.188972105857364
2020-05-04,7.413405861051668,3.201343136139504
2020-05-05,7.507208985920322,3.2295748274990443
2020-05-06,7.582722238487299,3.208317892073735
2020-05-07,7.642233557129389,3.246332865120523
2020-05-08,7.7489464850579,3.3006575629881083
2020-05-11,7.851545727825739,3.3005452970522597
2020-05-12,7.713919662717523,3.233285610923786
2020-05-13,7.608067637839771,3.1778360008695645
2020-05-14,7.647396027065453,3.215853226744497
2020-05-15,7.686677543868432,3.2297993593707424
2020-05-18,7.809156737744755,3.3296762423126647
2020-05-19,7.759199624750906,3.2953709262765463
2020-05-20,7.886694501771847,3.351609026181213
2020-05-21,7.808513678590296,3.327089995603201
2020-05-22,7.833557354320435,3.3338379668375904
2020-05-26,7.764523337494464,3.3761291831732976
2020-05-27,7.7857244849558995,3.4253914007296613
2020-05-28,7.777920386165682,3.418643429495274
2020-05-29,7.816789854759062,3.43247729618567
2020-06-01,7.8516504720035,3.449348350685713
2020-06-02,7.916269767778853,3.478029481260008
2020-06-03,7.946833997361352,3.524818844456831
2020-06-04,7.859060725817538,3.513008768382579
2020-06-05,8.061588448680064,3.604562202274651
2020-06-08,8.110470519560774,3.6486515509407327
2020-06-09,8.263275707401242,3.621771180996314
2020-06-10,8.52529910214195,3.600400853221083
2020-06-11,8.090337033523255,3.3920991064156887
2020-06-12,8.157018063865772,3.4345018377445307
2020-06-15,8.232190228381432,3.466024160079932
2020-06-16,8.441713945773206,3.5326583109270517
2020-06-17,8.451493413314491,3.516734570661616
2020-06-18,8.50075248360273,3.5194447229190056
2020-06-19,8.45107053934847,3.4979850329607243
2020-06-22,8.679382871156763,3.523058259262192
2020-06-23,8.797242165271197,3.5374008896418045
2020-06-24,8.630360705038376,3.448065740528988
2020-06-25,8.74203620736268,3.484207111502573
2020-06-26,8.522600375416381,3.4010822586404124
2020-06-29,8.663679060507185,3.452131719857788
2020-06-30,8.814223277249162,3.497646733267747
2020-07-01,8.833644604183505,3.5215905417262907
2020-07-02,8.86939416466928,3.5401125437846246
2020-07-06,9.081960853512546,3.594436866180853
2020-07-07,9.012617082958297,3.557392862064185
2020-07-08,9.216330712503702,3.583932679487483
2020-07-09,9.269135324774265,3.565749352593484
2020-07-10,9.261862561656402,3.6016654407526563
2020-07-13,9.090477739153616,3.5697019395723624
2020-07-14,9.191717203213662,3.616008446603626
2020-07-15,9.214989867215332,3.6497775895414417
2020-07-16,9.065849024632902,3.6371275840407855
2020-07-17,9.03314115326427,3.6478574290199273
2020-07-20,9.325357987345123,3.678012284671841
2020-07-21,9.198265567488145,3.684676525793539
2020-07-22,9.27941602269737,3.706359996680805
2020-07-23,8.866860645973055,3.661523084542229
2020-07-24,8.827977085242244,3.63814511141922
2020-07-27,8.986308243631285,3.6649113380710023
2020-07-28,8.873488168103231,3.6423237321552255
2020-07-29,9.00158842215004,3.686143867858084
2020-07-30,9.050257595955769,3.6734949887715
2020-07-31,9.533982666820318,3.7024077851732815
2020-08-03,9.920060003245904,3.7282706277392688
2020-08-04,9.87869080457235,3.7417102495044414
2020-08-05,9.88876064749918,3.76599273312732
2020-08-06,10.14166440258704,3.7915165250576144
2020-08-07,9.935121938434635,3.794228554671792
2020-08-10,9.9118174687547,3.805634623565529
2020-08-11,9.64736694544999,3.773784890206513
2020-08-12,9.946238582646362,3.8264150858383537
2020-08-13,10.02619466548049,3.819864988009292
2020-08-14,10.02610399580812,3.819526688316315
2020-08-17,10.04405044402178,3.831836141295849
2020-08-18,10.115320321340016,3.8399677244820913
2020-08-19,10.092526975908426,3.824383410323705
2020-08-20,10.321687298587635,3.836127778910419
2020-08-21,10.563734547135873,3.8495689025610216
2020-08-24,10.64694409875459,3.889097400649309
2020-08-25,10.663732018287384,3.901973439907092
2020-08-26,10.848632361589743,3.941615330345301
2020-08-27,10.904411223052382,3.950198605574441
2020-08-28,10.9487025287003,3.975497114690322
2020-08-31,11.06402553214648,3.961604674468178
2020-09-01,11.338341770754171,3.998762821877482
2020-09-02,11.312212895250616,4.057265765009716
2020-09-03,10.50293926700818,3.9169937960867305
2020-09-04,10.436520427350256,3.8849191553846594
2020-09-08,9.799159154205409,3.7793204644280007
2020-09-09,10.202569857955476,3.853295080311415
2020-09-10,9.89195891441688,3.785982452721555
2020-09-11,9.793244990424704,3.787791473721292
2020-09-14,9.97813553687382,3.838161707253212
2020-09-15,10.063756567590335,3.8577008612186217
2020-09-16,9.822603328987018,3.842339952517861
2020-09-17,9.691832840415431,3.8093619277299937
2020-09-18,9.474372609743805,3.764750673877189
2020-09-21,9.67147953535623,3.722849196810416
2020-09-22,9.86245751168822,3.760571677669824
2020-09-23,9.491731711549154,3.6730534344552495
2020-09-24,9.60160849434926,3.6826985426829904
2020-09-25,9.893073602035535,3.742600867564087
2020-09-28,10.052474396813013,3.80477254132904
2020-09-29,9.962731264243072,3.783785194338311
2020-09-30,10.111672096034098,3.8127145114798178
2020-10-01,10.205283656947886,3.8374464343174495
2020-10-02,9.889367803780766,3.801256252067408
2020-10-05,10.144280132860253,3.8676253201362334
2020-10-06,9.889318622374562,3.812714511479817
2020-10-07,10.066904546237762,3.878970938141437
2020-10-08,10.079118702621948,3.913915681899131
2020-10-09,10.290443759315655,3.948291586550432
2020-10-12,10.757605910399958,4.012731858256524
2020-10-13,10.640690927070272,3.98663885174848
2020-10-14,10.5988513994471,3.961679017796933
2020-10-15,10.549400144584206,3.956800518450816
2020-10-16,10.472350601365765,3.953284229189185
2020-10-19,10.208784479025198,3.893946988700907
2020-10-20,10.288417160506295,3.909263216310142
2020-10-21,10.262683535676436,3.901662925094557
2020-10-22,10.21368895803456,3.923899089819849
2020-10-23,10.212098695416136,3.9363790067956224
2020-10-26,10.071279800253262,3.8641094063459582
2020-10-27,10.214768402033911,3.850948384327942
2020-10-28,9.72575953052833,3.719910382496394
2020-10-29,9.960459931342031,3.7570095809025927
2020-10-30,9.614249328030382,3.716959928570296
2020-11-02,9.60693010200703,3.7593911957222974
2020-11-03,9.777253316093416,3.82655588759736
2020-11-04,10.211671491683918,3.911079371265669
2020-11-05,10.556193136170286,3.987546366019207
2020-11-06,10.5599061737187,3.987206188969443
2020-11-09,10.329226107162537,4.037012089051258
2020-11-10,10.143710631098095,4.031793412655377
2020-11-11,10.431735220579336,4.060837999503591
2020-11-12,10.393447904614124,4.022150181784422
2020-11-13,10.420311069172143,4.076833454798281
2020-11-16,10.484348308040603,4.127434603214975
2020-11-17,10.379156703438762,4.10644537886746
2020-11-18,10.252094637054917,4.056979655835409
2020-11-19,10.31081525999453,4.073430933357929
2020-11-20,10.204689246988517,4.0460891091153215
2020-11-23,10.03885030858638,4.070367838024626
2020-11-24,10.185504336364271,4.135489965715676
2020-11-25,10.225011697280744,4.1295894333348375
2020-11-27,10.281912390485587,4.140821283518763
2020-11-30,10.367544659196822,4.121989142119253
2020-12-01,10.58444487299487,4.167370863197351
2020-12-02,10.58153855434606,4.176219596676143
2020-12-03,10.549118878822936,4.175424723812622
2020-12-04,10.520369524985435,4.211276981841044
2020-12-07,10.58726400809564,4.203447653097473
2020-12-08,10.655650510341196,4.215133823623797
2020-12-09,10.43994152623926,4.178262160860156
2020-12-10,10.477141927692015,4.175992061033586
2020-12-11,10.502342061629523,4.170773760109063
2020-12-14,10.495218605846055,4.1518586395395785
2020-12-15,10.772199729300748,4.208377967490905
2020-12-16,10.887616360403552,4.215101908558423
2020-12-17,10.931487585754132,4.238575251406201
2020-12-18,10.81920319551464,4.221824723211869
2020-12-21,10.983034033494867,4.207921769791718
2020-12-22,11.180824653439307,4.1998311129834285
2020-12-23,11.071555406607205,4.203478441748777
2020-12-24,11.157527305094304,4.219773523186636
2020-12-28,11.423993482098687,4.25646458422739
2020-12-29,11.322216498630096,4.248262412425965
2020-12-30,11.212806194410348,4.253844920567124
2020-12-31,11.182808949847807,4.277660693292809
2021-01-04,10.924069453838444,4.218748486381058
2021-01-05,11.001979179282817,4.246666283685848
2021-01-06,10.67044093408611,4.272304594380135
2021-01-07,11.006853032785347,4.335548238870337
2021-01-08,11.08909150357293,4.360276406994396
2021-01-11,10.899823864331776,4.33178864416914
2021-01-12,10.83264280261937,4.332471626568169
2021-01-13,10.96057086324518,4.343411735507428
2021-01-14,10.79367448788732,4.328370728403135
2021-01-15,10.704315187867564,4.297146154854116
2021-01-19,10.823119238444884,4.3307632318922025
2021-01-20,11.196889787451305,4.39036029855977
2021-01-21,11.432447316576464,4.394235162967676
2021-01-22,11.555493731261684,4.379306421799232
2021-01-25,11.813780812934748,4.396741809749379
2021-01-26,11.889231896453438,4.390245779795777
2021-01-27,11.852119070529728,4.283130184555402
2021-01-28,11.76401690793861,4.319367676196471
2021-01-29,11.369195208505522,4.233561582371436
2021-02-01,11.645872240230304,4.302844683644697
2021-02-02,11.68146679985654,4.363923360288388
2021-02-03,11.713895016631684,4.367342026997108
2021-02-04,11.84865812022808,4.41679761230251
2021-02-05,11.833593376598396,4.434118106017307
2021-02-08,11.846672862564718,4.467505770056049
2021-02-09,11.835450684822732,4.463746175354851
2021-02-10,11.785212077394425,4.461921384558105
2021-02-11,11.811782809796137,4.469443202260003
2021-02-12,11.834273434294031,4.491778115952279
2021-02-16,11.704854738176005,4.48824568142228
2021-02-17,11.621836944684254,4.488814145057316
2021-02-18,11.560687086859296,4.469784881195196
2021-02-19,11.50290570493093,4.461352169980354
2021-02-22,11.17676674198134,4.4273945404211466
2021-02-23,11.141737893813197,4.43206615504936
2021-02-24,11.1479599265392,4.480724614663097
2021-02-25,10.82018522696585,4.373267715958887
2021-02-26,10.910791366272356,4.350362836746146
2021-03-01,11.314737230753147,4.455883054189117
2021-03-02,11.121741894605831,4.421582619280644
2021-03-03,10.83611440052306,4.362554767190828
2021-03-04,10.728678286412777,4.3085424614925625
2021-03-05,10.900104497935091,4.387967419599345
2021-03-08,10.571477835974688,4.366543399420013
2021-03-09,10.935335495471644,4.428078273762891
2021-03-10,10.853170678726938,4.455198945376017
2021-03-11,11.052463993990584,4.501007952858784
2021-03-12,10.978069223790769,4.5080728219187804
2021-03-15,11.09175588563346,4.535421404645822
2021-03-16,11.230971875564125,4.529041770812999
2021-03-17,11.178455084846709,4.543853740389305
2021-03-18,10.8390819984896,4.477533859068292
2021-03-19,10.805842181601816,4.469215291146087
2021-03-22,11.09155335212038,4.504539636446068
2021-03-23,11.089381817106222,4.469443202260002
2021-03-24,10.928378582475734,4.446537947575903
2021-03-25,10.879224323630046,4.471932201887911
2021-03-26,11.003153913495044,4.544306934317633
2021-03-29,10.982761004216751,4.5420206892226975
2021-03-30,10.836352512446242,4.530816248447859
2021-03-31,11.029757418778722,4.548537370100955
2021-04-01,11.220536812847865,4.597246142876577
2021-04-05,11.508309909038951,4.663217586777964
2021-04-06,11.49455520254306,4.660359123334419
2021-04-07,11.618947217537755,4.666190944456861
2021-04-08,11.808802465558603,4.68791496625072
2021-04-09,11.989572259696995,4.721872595809927
2021-04-12,11.910457560267604,4.723814909141526
2021-04-13,12.115921098095598,4.737651028660066
2021-04-14,11.939204732030577,4.721872595809927
2021-04-15,12.142439762571176,4.7726378252097845
2021-04-16,12.1555143703998,4.789445800521792
2021-04-19,12.14044742652103,4.766006250096177
2021-04-20,12.050239318488762,4.731363009838439
2021-04-21,12.121634388629907,4.7756100564746085
2021-04-22,11.971560463126051,4.733191930820116
2021-04-23,12.17229806490312,4.782813849936826
2021-04-26,12.199828612802447,4.79356171754112
2021-04-27,12.194429327563892,4.792075226437351
2021-04-28,11.986322208911014,4.7902448035702445
2021-04-29,11.934425164721482,4.820544966637455
2021-04-30,11.834412209540568,4.789332032700514
2021-05-03,11.876421760761868,4.7996210743061205
2021-05-04,11.567951019045518,4.770465723407486
2021-05-05,11.548913948759337,4.771151334106017
2021-05-06,11.699183745512457,4.809911242325797
2021-05-07,11.793819786402713,4.844784646525594
2021-05-10,11.517987317754375,4.797677634560449
2021-05-11,11.452987706901656,4.75491670355669
2021-05-12,11.14221844331346,4.653270975050267
2021-05-13,11.336048859411395,4.708494551347361
2021-05-14,11.567868359772906,4.781213215540422
2021-05-17,11.445241986414116,4.769779737237598
2021-05-18,11.331704676875216,4.728733208451524
2021-05-19,11.338257124980384,4.71592700686621
2021-05-20,11.536041146056457,4.765777588039549
2021-05-21,11.419594531212203,4.763033267888639
2021-05-24,11.62591397255815,4.810940409316309
2021-05-25,11.638500382462354,4.800536098003995
2021-05-26,11.630890076856224,4.809339774919904
2021-05-27,11.508514254509883,4.811854682071468
2021-05-28,11.486378606355991,4.821001915279358
2021-06-01,11.418503651354678,4.817229930023367
2021-06-02,11.451927401027188,4.825231975591322
2021-06-03,11.345495634515274,4.806824867768339
2021-06-04,11.57070735013355,4.85061609217668
2021-06-07,11.641042779623088,4.846500175157352
2021-06-08,11.650836458773297,4.846728461742623
2021-06-09,11.692307024655731,4.838953200874511
2021-06-10,11.73002776316885,4.862402513555418
2021-06-11,11.801881928873682,4.870428589290244
2021-06-14,11.991562634593157,4.882126023957289
2021-06-15,11.917674720179727,4.872608951462405
2021-06-16,11.918367258832957,4.845660996673662
2021-06-17,12.074954553458529,4.844170375384962
2021-06-18,11.980004005076772,4.779038109967264
2021-06-21,12.138348205568326,4.846464129907045
2021-06-22,12.28195806554578,4.869512439178297
2021-06-23,12.263574151779745,4.86664571536489
2021-06-24,12.28314825730622,4.894854502971631
2021-06-25,12.23076090226163,4.912857228142743
2021-06-28,12.392887330366891,4.923291952635001
2021-06-29,12.525913276164731,4.925471188393091
2021-06-30,12.543208785378395,4.929828908966557
2021-07-01,12.573609262569818,4.957692262924532
2021-07-02,12.83684103394844,4.995418873968872
2021-07-06,12.931456645687568,4.982689268540457
2021-07-07,13.100814231447504,5.003100642469002
2021-07-08,12.981799399417731,4.962967635495374
2021-07-09,13.079510197570755,5.015714602719352
2021-07-12,13.037212940206729,5.034290672653145
2021-07-13,13.174131240571388,5.01663187924537
2021-07-14,13.37035120488247,5.023282227926845
2021-07-15,13.30540623475865,5.006081885046402
2021-07-16,13.20317065862029,4.968241881652141
2021-07-19,12.936116895111232,4.894050618795534
2021-07-20,13.15908625592427,4.965030475132682
2021-07-21,13.172852131014164,5.005279502755734
2021-07-22,13.346667716405197,5.016173428718039
2021-07-23,13.50898650092575,5.065595597072636
2021-07-26,13.514341987759446,5.079127209320362
2021-07-27,13.354552760832654,5.0559636303424025
2021-07-28,13.265135247264173,5.053210674350274
2021-07-29,13.301853282364132,5.075686765272916
2021-07-30,13.275144276806978,5.050000769716244
2021-08-02,13.25748570740842,5.039794707280614
2021-08-03,13.395004092484086,5.080043734903667
2021-08-04,13.362104676517728,5.055847985164338
2021-08-05,13.436790995257995,5.0872670528764665
2021-08-06,13.403283808518765,5.096097763730104
2021-08-09,13.374840868063746,5.0925420499759495
2021-08-10,13.30862735578256,5.098505661544823
2021-08-11,13.332361107506394,5.110544399675704
2021-08-12,13.5375649323491,5.122469745456664
2021-08-13,13.617544329663176,5.135429139355781
2021-08-16,13.750723920047152,5.148615317954739
2021-08-17,13.672879171943222,5.113642038373886
2021-08-18,13.45564252008382,5.058486422392473
2021-08-19,13.61126519981184,5.065939904307332
2021-08-20,13.855592050080594,5.106301948808948
2021-08-23,13.93205896162812,5.150794178241472
2021-08-24,13.880868247740796,5.159738656916388
2021-08-25,13.808910780649336,5.17051656222927
2021-08-26,13.70359028405875,5.14001477104316
2021-08-27,13.766838130288734,5.185195614945073
2021-08-30,14.063954862257464,5.208243548744965
2021-08-31,13.965119277761255,5.202624244410787
2021-09-01,13.995163965155037,5.20491799893287
2021-09-02,14.031709356867216,5.220512450817905
2021-09-03,14.061299972639114,5.218218696295821
2021-09-07,14.148713650255226,5.201363411592788
2021-09-08,14.076911244167215,5.194482523497895
2021-09-09,13.96056879021072,5.171319695462651
2021-09-10,13.690848853032572,5.131873801072981
2021-09-13,13.747139395451184,5.143799522325298
2021-09-14,13.746435239272484,5.116393492480582
2021-09-15,13.904799817954435,5.15893589915436
2021-09-16,13.903056881715038,5.149302806010054
2021-09-17,13.653765595172263,5.099652726541542
2021-09-20,13.381478275243516,5.0136510121393245
2021-09-21,13.415551526832362,5.010785039268632
2021-09-22,13.614225160695533,5.0602057057378005
2021-09-23,13.681910367636023,5.120864980875326
2021-09-24,13.681169965344566,5.13068430781288
2021-09-27,13.489964380215753,5.114568701683836
2021-09-28,13.08430718146111,5.012470905663157
2021-09-29,13.137648025692362,5.021104494054184
2021-09-30,13.028402157004416,4.958948965557598
2021-10-01,13.247619853098808,5.017996717629354
2021-10-04,12.947698198043874,4.952847556000575
2021-10-05,13.169074528277822,5.004757973040366
2021-10-06,13.310756993629273,5.026053206544126
2021-10-07,13.410285751739616,5.067721515897981
2021-10-08,13.39239084171043,5.060239498159963
2021-10-11,13.373886998990196,5.022485477706537
2021-10-12,13.282938617413498,5.009824208065162
2021-10-13,13.334925807237669,5.027664729609896
2021-10-14,13.614993900236412,5.113763691093668
2021-10-15,13.69839462711999,5.153014340377512
2021-10-18,13.848263246919698,5.167978375853547
2021-10-19,13.971459684423,5.208610008789744
2021-10-20,13.975393614141556,5.228638777405145
2021-10-21,14.063150516835416,5.242220327343399
2021-10-22,13.989807107501209,5.235889504787032
2021-10-25,13.963634002921648,5.2632846459623845
2021-10-26,14.040739035134974,5.269270410341342
2021-10-27,14.321936484697058,5.245788431652345
2021-10-28,14.519985213685905,5.29620484816122
2021-10-29,14.56142386920279,5.306218669261884
2021-11-01,14.47071684808441,5.3171538970734975
2021-11-02,14.606522687964894,5.33810219504306
2021-11-03,14.694140232170056,5.370908253949261
2021-11-04,14.726386509220925,5.395540301405835
2021-11-05,14.742391892246625,5.414532393603578
2021-11-08,14.725350747119071,5.420172724333767
2021-11-09,14.71824565780847,5.401295150900018
2021-11-10,14.466053161737952,5.358592042485292
2021-11-11,14.50154121275292,5.360777285785098
2021-11-12,14.698415725828564,5.400260351839146
2021-11-15,14.683806447141668,5.401640584548783
2021-11-16,14.809507309698096,5.423165606523244
2021-11-17,14.929269786001536,5.410389818117875
2021-11-18,15.18047344913295,5.428230339662608
2021-11-19,15.346362042837942,5.419367338272237
2021-11-22,15.2917801661317,5.4031364624364855
2021-11-23,15.259769571910764,5.410619606588575
2021-11-24,15.289464602198446,5.4246622353536615
2021-11-26,14.862585956399585,5.301960073126756
2021-11-29,15.18161715458696,5.369642164532254
2021-11-30,15.27385877447634,5.267543993040218
2021-12-01,15.237658794376356,5.206078205427094
2021-12-02,15.17754264219223,5.286305921295901
2021-12-03,14.938817655466368,5.2388831379192204
2021-12-06,15.172585548682235,5.301960073126756
2021-12-07,15.644622093316444,5.412115484476277
2021-12-08,15.824998602256356,5.426388277183421
2021-12-09,15.757670416122604,5.389785076440289
2021-12-10,16.201621071700668,5.441467206894808
2021-12-13,15.958213043460718,5.3932934808034165
2021-12-14,15.636549814642288,5.355188019159506
2021-12-15,16.011483898584483,5.439365318236335
2021-12-16,15.461535228089769,5.389481695583547
2021-12-17,15.384522362324564,5.3360198308951645
2021-12-20,15.23030410659928,5.276090096604981
2021-12-21,15.550588069779971,5.370083343377147
2021-12-22,15.809621490081891,5.424238328191208
2021-12-23,15.873638441086978,5.457494952726234
2021-12-27,16.239969985143563,5.535668464798952
2021-12-28,16.164307433646616,5.531394849809534
2021-12-29,16.184702815260806,5.537169599285658
2021-12-30,16.06939773530825,5.521580403999626
2021-12-31,15.970773753284035,5.507840780619926
2022-01-03,16.13833529967253,5.54074821679261
2022-01-04,15.898876627459892,5.538901648657138
2022-01-05,15.38589198240506,5.430937112677783
2022-01-06,15.19365119136842,5.426895163515854
2022-01-07,15.20517612052162,5.405186536047647
2022-01-10,15.211439596960364,5.39502402828947
2022-01-11,15.360731467265676,5.448256479978508
2022-01-12,15.457819137787292,5.462690725369316
2022-01-13,14.99149895648514,5.387750772626142
2022-01-14,15.15735287547497,5.389597340761615
2022-01-18,14.831738165156056,5.294334249858874
2022-01-19,14.683480411038962,5.239601414625844
2022-01-20,14.56426245947483,5.18140372970714
2022-01-21,14.33840036914874,5.080481909977697
2022-01-24,14.309994354690533,5.098264233462041
2022-01-25,14.042431455617631,5.039606596130577
2022-01-26,14.229202173755144,5.0279437048284095
2022-01-27,14.280298711134984,5.001731673900082
2022-01-28,14.9863849654129,5.124014434620821
2022-01-31,15.254046288640174,5.216622943027061
2022-02-01,15.19467450503718,5.252650546179368
2022-02-02,15.3603523023427,5.303110517365695
2022-02-03,14.941675624666274,5.180017864927141
2022-02-04,15.03725842750771,5.205998980970693
2022-02-07,14.887777933054055,5.187524663774743
2022-02-08,15.117473044774556,5.2287480395701325
2022-02-09,15.338637700758827,5.305881871454334
2022-02-10,14.9421540977341,5.212119915038299
2022-02-11,14.611564566435456,5.107849266272606
2022-02-14,14.621678418768765,5.091221141740772
2022-02-15,14.928620816493964,5.17309004291258
2022-02-16,14.909431802076147,5.1789793111526965
2022-02-17,14.536472509790222,5.07032090410495
2022-02-18,14.398609665085155,5.03533410755523
2022-02-22,14.256608907621494,4.980715791086193
2022-02-23,13.887681329520634,4.889955728172214
2022-02-24,14.343799581237104,4.966859771585713
2022-02-25,14.50418215999026,5.076209421402351
2022-02-28,14.55105109128143,5.065934272236968
2022-03-01,14.373342539517244,4.987414200101411
2022-03-02,14.64988603243449,5.07840442695745
2022-03-03,14.535329074128033,5.054038964164597
2022-03-04,14.253499135462048,5.010853750527026
2022-03-07,13.820599475881522,4.863628427537179
2022-03-08,13.663801180529209,4.827370660442813
2022-03-09,14.211728953326068,4.957274738775148
2022-03-10,13.940170743834305,4.934526806589781
2022-03-11,13.63732546924198,4.872981794520254
2022-03-14,13.363739969792688,4.836146927949635
2022-03-15,13.818663054657646,4.94261070491364
2022-03-16,14.194208362871652,5.052075999908343
2022-03-17,14.260915484307448,5.114892357993873
2022-03-18,14.536763650105394,5.169626319640975
2022-03-21,14.571621684415884,5.168586263981102
2022-03-22,14.843937369506378,5.231632786008691
2022-03-23,14.801535577852274,5.166045824777235
2022-03-24,15.086426836767716,5.240784524872868
2022-03-25,15.106559884306291,5.267199310334166
2022-03-28,15.310424253953716,5.304156205095927
2022-03-29,15.574636825797006,5.371815392748627
2022-03-30,15.483808097548676,5.338448755105897
2022-03-31,15.209252239595664,5.256192367493298
2022-04-01,15.221281380807056,5.26893661630465
2022-04-04,15.540470104716569,5.315393687350213
2022-04-05,15.2897665892657,5.2469246079797
2022-04-06,14.87630227872316,5.195947988205651
2022-04-07,14.9340890367373,5.221667776184484
2022-04-08,14.737365931177113,5.207766324649763
2022-04-11,14.265152713887638,5.1177463157811305
2022-04-12,14.27855980320857,5.098166610909127
2022-04-13,14.534026990152787,5.157832764306447
2022-04-14,14.117613266801646,5.094113022135119
2022-04-18,14.123552312950077,5.095965973283667
2022-04-19,14.341998799626875,5.17822311183898
2022-04-20,14.358847850653998,5.173588668875144
2022-04-21,14.192416579467842,5.098630693506817
2022-04-22,13.821592916372593,4.956013905957149
2022-04-25,14.027442159869048,4.986600178198664
2022-04-26,13.503330588511362,4.841434691075268
2022-04-27,13.795297539076888,4.856031515563809
2022-04-28,14.269774046648122,4.978025914282099
2022-04-29,13.71233205525585,4.79126984037582
2022-05-02,13.888341311179383,4.822087027502109
2022-05-03,13.89567566642699,4.844446346832614
2022-05-04,14.387427041635185,4.990306831438474
2022-05-05,13.667887732346635,4.813165828051348
2022-05-06,13.641007439979788,4.787215500659099
2022-05-09,13.164257351581742,4.633244459263007
2022-05-10,13.391653976309437,4.642396573598541
2022-05-11,12.814272153057033,4.569176655143411
2022-05-12,12.511702872255787,4.562457219732182
2022-05-13,12.855645042185651,4.673677467851164
2022-05-16,12.79214421038719,4.653981742329736
2022-05-17,13.08644935500698,4.750372373718616
2022-05-18,12.415742535389418,4.559561209152901
2022-05-19,12.233921443072356,4.531060680301494
2022-05-20,12.231450612117454,4.5333773385763765
2022-05-23,12.674521117554496,4.618067156055995
2022-05-24,12.523778157959413,4.584933310654824
2022-05-25,12.598801277871376,4.625481964421046
2022-05-26,12.827860944447783,4.715964554001941
2022-05-27,13.269101496821058,4.834019131767501
2022-05-31,13.200281514942024,4.80644639264012
2022-06-01,13.20712309480754,4.767519024194958
2022-06-02,13.372702923788756,4.85730624082203
2022-06-03,12.997694826786866,4.777599303725874
2022-06-06,13.003089088436203,4.791964086915571
2022-06-07,13.208990496598394,4.836451810691806
2022-06-08,13.125676278550628,4.784086322366901
2022-06-09,12.74943920364862,4.6717411620612825
2022-06-10,12.220287378763864,4.533910132432464
2022-06-13,11.728073441601458,4.359586666110932
2022-06-14,11.820642321239164,4.347965076658072
2022-06-15,12.113260536580253,4.409908088366395
2022-06-16,11.707427065247538,4.264986657625279
2022-06-17,11.839062364372683,4.272773182634111
2022-06-21,12.179722379444469,4.381435344395433
2022-06-22,12.141531119996658,4.373880485214088
2022-06-23,12.409745212650934,4.417694237903871
2022-06-24,12.772163677847322,4.555642039124828
2022-06-27,12.706613313171676,4.539139697497708
2022-06-28,12.315982718056771,4.446515043823102
2022-06-29,12.486638923802529,4.443378356103757
2022-06-30,12.290970348100826,4.406305065221216
2022-07-01,12.456954045570342,4.452094548193401
2022-07-05,12.654418808538948,4.461624011243077
2022-07-06,12.795464039924244,4.477545123209011
2022-07-07,13.004602006334242,4.543903678079832
2022-07-08,13.019133630456404,4.54030215682008
2022-07-11,12.84566291055648,4.4885858584720415
2022-07-12,12.638412885460896,4.448259483749375
2022-07-13,12.59920452400995,4.425481138384062
2022-07-14,12.768241898541632,4.414788840540657
2022-07-15,12.908159440037515,4.499045739545245
2022-07-18,12.707700224836724,4.46267007444467
2022-07-19,13.011953131156153,4.582603886353794
2022-07-20,13.169870589192644,4.61096098514669
2022-07-21,13.336262623166858,4.658027070733883
2022-07-22,13.17369805106791,4.616538612160202
2022-07-25,13.08547653352348,4.621302968213683
2022-07-26,12.861616832159095,4.566449231203584
2022-07-27,13.49359231352764,4.684524835365157
2022-07-28,13.698315918562558,4.744027283250672
2022-07-29,14.037085380515611,4.814568964513787
2022-08-01,13.927323131984943,4.7991134370309725
2022-08-02,13.783795040021383,4.768548566656827
2022-08-03,14.244249682200646,4.842926063306683
2022-08-04,14.257027139262757,4.838277727902625
2022-08-05,14.229153321655147,4.829793952583184
2022-08-08,14.14658695407543,4.825610075248174
2022-08-09,14.1950846247988,4.80538868982645
2022-08-10,14.55444217077809,4.90603115886602
2022-08-11,14.469917994277669,4.907774847849579
2022-08-12,14.750560601702524,4.988543617944336
2022-08-15,14.837247222566733,5.010508692349617
2022-08-16,14.812133555078116,5.020968197951462
2022-08-17,14.864271036254436,4.983198407701027
2022-08-18,14.818928809068185,4.9978414151665245
2022-08-19,14.603601759682736,4.9317145261231925
2022-08-22,14.224974273919427,4.828283055841189
2022-08-23,14.178663689735371,4.817591884411855
2022-08-24,14.177311156201416,4.832583329296977
2022-08-25,14.364198762270387,4.900685573151355
2022-08-26,13.816892884836212,4.733218964757844
2022-08-29,13.646674693190525,4.704745845315525
2022-08-30,13.479871946868808,4.650822150857596
2022-08-31,13.366826119508756,4.615842488263668
2022-09-01,13.37595899344265,4.6316472041088215
2022-09-02,13.175297229451571,4.582138677342032
2022-09-06,13.050547224084935,4.563893397674069
2022-09-07,13.2296743481697,4.646523003815879
2022-09-08,13.17051250860645,4.675808643275516
2022-09-09,13.443641858681827,4.750418932166931
2022-09-12,13.774461264602282,4.801669270560491
2022-09-13,12.989254832725267,4.592133724874827
2022-09-14,13.062459738665105,4.609682129703539
2022-09-15,12.76690356888824,4.556455310084861
2022-09-16,12.674886313404016,4.52194010555998
2022-09-19,12.8441620760958,4.557152560395469
2022-09-20,12.907437221360803,4.50357655241445
2022-09-21,12.678885448302738,4.426758867413143
2022-09-22,12.681120114515004,4.389337514582333
2022-09-23,12.502998674226104,4.316471290145832
2022-09-26,12.507699970634263,4.273903726891112
2022-09-27,12.529069649258023,4.262922316102543
2022-09-28,12.549412418462714,4.345744539050675
2022-09-29,12.126348109466496,4.256380854114699
2022-09-30,11.821325338312596,4.18956347324519
2022-10-03,12.20070389466191,4.300419889618894
2022-10-04,12.559410414178874,4.432071036177004
2022-10-05,12.580735224822584,4.421674234291838
2022-10-06,12.47963546447971,4.377985889035412
2022-10-07,11.93985829930393,4.25591376774615
2022-10-10,11.838435663386248,4.22425777760753
2022-10-11,11.682223375369658,4.195287158616715
2022-10-12,11.660642006905809,4.181737148272479
2022-10-13,12.07367280282114,4.29306102648609
2022-10-14,11.72817553372552,4.19470292518467
2022-10-17,12.123816507786508,4.3026393008122215
2022-10-18,12.208324942118416,4.351935310790747
2022-10-19,12.166181499086498,4.323315757519059
2022-10-20,12.136779645600264,4.286519564498246
2022-10-21,12.455370867547932,4.390017117739145
2022-10-24,12.675882814336534,4.443985117817243
2022-10-25,12.888948752275285,4.515359594550971
2022-10-26,12.298880419441154,4.4812495236206775
2022-10-27,11.98209722716479,4.457418732040698
2022-10-28,12.700093623458992,4.561969106967621
2022-10-31,12.50192310113243,4.529961300167159
2022-11-01,12.28522649556354,4.511972091964912
2022-11-02,11.837255491376553,4.396325036542713
2022-11-03,11.416726517170932,4.35216922944638
2022-11-04,11.57115682460415,4.413731137726987
2022-11-07,11.7475976811301,4.45683524955137
2022-11-08,11.79777909584542,4.4810171068504765
2022-11-09,11.481862160077975,4.389550031370596
2022-11-10,12.468258472090897,4.62995495470122
2022-11-11,12.69560629245489,4.674578599108819
2022-11-14,12.499999642901924,4.635329076239046
2022-11-15,12.591162200292423,4.674695370700956
2022-11-16,12.543704955936958,4.640351005643672
2022-11-17,12.631733550425938,4.624698731169604
2022-11-18,12.647296004118523,4.646659299918597
2022-11-21,12.51515584320858,4.62890438584334
2022-11-22,12.68530829168382,4.692684954374559
2022-11-23,12.78622241004758,4.7207202742142025
2022-11-25,12.647304676136867,4.72036995943779
2022-11-28,12.333185394398374,4.64560835558936
2022-11-29,12.158693847181649,4.637664508081795
2022-11-30,12.822941710234671,4.781463654935776
2022-12-01,12.825334724879458,4.779478162398082
2022-12-02,12.809961455314903,4.774337584044531
2022-12-05,12.642429223911307,4.688362152637329
2022-12-06,12.351406004304238,4.621310477640831
2022-12-07,12.24277333129301,4.612432832867524
2022-12-08,12.392837419620593,4.648645543399008
2022-12-09,12.323774305288962,4.614301553813081
2022-12-12,12.597672594329588,4.679017046024115
2022-12-13,12.746348356406696,4.71637231589603
2022-12-14,12.648928033673064,4.688098196273109
2022-12-15,12.146333293301709,4.57195138847427
2022-12-16,11.953085122358122,4.516107158023469
2022-12-19,11.754779245865628,4.478564152472875
2022-12-20,11.78319156751034,4.483726883636509
2022-12-21,11.990435863183556,4.550599458795549
2022-12-22,11.69532941443343,4.488654194259081
2022-12-23,11.690887103775022,4.512001003259431
2022-12-27,11.564813717993989,4.494637705809895
2022-12-28,11.323433710860972,4.440083219471608
2022-12-29,11.640344099403434,4.516928689353361
2022-12-30,11.62723775030504,4.507543407304909
2023-01-03,11.396985619705111,4.487832662929189
2023-01-04,11.21093125037799,4.522793927426606
2023-01-05,10.989822126836549,4.471408419344398
2023-01-06,11.26385023483902,4.573476928599203
2023-01-09,11.339684095028774,4.570309452228554
2023-01-10,11.407047309287996,4.603157939398135
2023-01-11,11.696835679649595,4.660528460916586
2023-01-12,11.75736961380413,4.6787117878105855
2023-01-13,11.836643994510972,4.697131661659718
2023-01-17,11.917440582920085,4.688449637463592
2023-01-18,11.77726791672601,4.614538476239572
2023-01-19,11.689085240029938,4.581689238127277
2023-01-20,12.00359296423718,4.665806837258286
2023-01-23,12.20866831103048,4.721181728512394
2023-01-24,12.261640210374429,4.718014252141745
2023-01-25,12.19715116024803,4.718836158942996
2023-01-26,12.467452653455052,4.770691006221898
2023-01-27,12.56225203865679,4.782540131317315
2023-01-30,12.299068878657405,4.721768965715297
2023-01-31,12.478248297864486,4.790283477120052
2023-02-01,12.646744979124124,4.84143469107527
2023-02-02,13.173660805752483,4.911709787674663
2023-02-03,13.19722936964119,4.861145059979633
2023-02-06,13.032164110584734,4.831228253168283
2023-02-07,13.420067124718749,4.89364210595873
2023-02-08,13.274434255343298,4.840262094026251
2023-02-09,13.152995429243273,4.799200546385882
2023-02-10,13.157931554018507,4.809640527477144
2023-02-13,13.482094733942228,4.866189517665702
2023-02-14,13.47193227007734,4.863607776612527
2023-02-15,13.519533824236854,4.87909484368936
2023-02-16,13.27603722612915,4.813395241050697
2023-02-17,13.126222408559022,4.80002132677306
2023-02-21,12.8111520073757,4.704874256519742
2023-02-22,12.803793781799778,4.696897743004087
2023-02-23,12.90309017582697,4.721651443180445
2023-02-24,12.648139342269635,4.670617376288721
2023-02-27,12.72624155957112,4.686924848281374
2023-02-28,12.685243295210334,4.668974313628936
2023-03-01,12.514005000445769,4.652315775917156
2023-03-02,12.655525415801309,4.688919352131646
2023-03-03,12.990763772542316,4.764121759353611
2023-03-06,13.157507087173949,4.76951803370152
2023-03-07,12.990358126824676,4.694316377422269
2023-03-08,13.038567367642164,4.702528311478985
2023-03-09,12.900596462382794,4.615476779161602
2023-03-10,12.716191935916548,4.550599458795548
2023-03-13,12.932645519211595,4.541096654212244
2023-03-14,13.192231262091862,4.617470907540516
2023-03-15,13.320026893051711,4.589080016325456
2023-03-16,13.705290526779253,4.668036010706901
2023-03-17,13.741853219730723,4.612661494924151
2023-03-20,13.68373940317401,4.658416059060103
2023-03-21,13.807190825414002,4.718953306006488
2023-03-22,13.70505615341044,4.639879413618832
2023-03-23,13.882174102459976,4.651636548231696
2023-03-24,14.011666685685263,4.682385775042303
2023-03-27,13.822006732534184,4.690514729929044
2023-03-28,13.765815954709826,4.681796285011255
2023-03-29,14.034327328292928,4.749537700891215
2023-03-30,14.19112126910372,4.775927329771571
2023-03-31,14.408577151677052,4.842961357614272
2023-04-03,14.442220495238947,4.860161700494715
2023-04-04,14.416049025254052,4.835303994752369
2023-04-05,14.26274148348568,4.82387689946262
2023-04-06,14.47502250132023,4.84213682251352
2023-04-10,14.30134207377177,4.847674274091795
2023-04-11,14.090237461779992,4.847556751556943
2023-04-12,14.073345300484148,4.8294128491554655
2023-04-13,14.475320323874382,4.892324201494407
2023-04-14,14.372166861213024,4.880307240702253
2023-04-17,14.435600867362206,4.898332869626163
2023-04-18,14.482898858861024,4.901160168947048
2023-04-19,14.53847424853079,4.90080647492842
2023-04-20,14.43811507126016,4.87335689040625
2023-04-21,14.354440350268831,4.876066291720926
2023-04-24,14.275018067180614,4.882192482387535
2023-04-25,14.053573534703364,4.80467304141933
2023-04-26,14.521960102605863,4.78511699124284
2023-04-27,14.959531018225965,4.880071820161192
2023-04-28,15.075426180308964,4.920481174053835
2023-05-01,15.031307951254608,4.916946111224336
2023-05-02,14.979178232672028,4.861929044173787
2023-05-03,14.904988297183849,4.826939619324568
2023-05-04,14.851881671433492,4.793244819715509
2023-05-05,15.335162891247402,4.880896730733302
2023-05-08,15.284920401259274,4.883488234041769
2023-05-09,15.16606179026524,4.86357848984665
2023-05-10,15.373711497101043,4.884077348601459
2023-05-11,15.330804840441395,4.876772928815472
2023-05-12,15.260441161932969,4.870410942136444
2023-05-15,15.248780765855994,4.886551704846432
2023-05-16,15.302362247579804,4.853918738235973
2023-05-17,15.400344056714522,4.912823435720577
2023-05-18,15.616198072355692,4.960418935921643
2023-05-19,15.617056554476235,4.953232789613221
2023-05-22,15.63944962759419,4.954645688330949
2023-05-23,15.377644047873998,4.900452780909794
2023-05-24,15.357411043466954,4.863695636910146
2023-05-25,15.694999562290112,4.90657934704776
2023-05-26,15.972263782102289,4.971021871581996
2023-05-30,16.019376625534722,4.971964680160316
2023-05-31,15.950641608335143,4.941333726827275
2023-06-01,16.18096854912708,4.992227742902705
2023-06-02,16.28725281804109,5.063385948134598
2023-06-05,16.236468179722895,5.054666752274094
2023-06-06,16.166087920164987,5.065387961412015
2023-06-07,15.859064930993414,5.048712527489155
2023-06-08,16.03081422671521,5.077902797224023
2023-06-09,16.08492831233217,5.088067182338986
2023-06-12,16.33528508999671,5.134274189460551
2023-06-13,16.37050587315875,5.167837574094535
2023-06-14,16.47200498812802,5.173864264851445
2023-06-15,16.82092161520497,5.237799152110537
2023-06-16,16.634495139289594,5.219125835095189
2023-06-20,16.537863570920422,5.194427329208361
2023-06-21,16.383440421618005,5.167009659751567
2023-06-22,16.669205242002395,5.185681474881487
2023-06-23,16.54390897559596,5.146210423910875
2023-06-26,16.327343506982736,5.124465375721004
2023-06-27,16.59727856224025,5.181191212918876
2023-06-28,16.682588319867975,5.182845539719382
2023-06-29,16.67950515979505,5.203527253025224
2023-06-30,17.011838716908887,5.267343866806749
2023-07-03,16.881785512807493,5.274906986357957
2023-07-05,16.83317517400027,5.265807438012453
2023-07-06,16.928908736468667,5.222671786594054
2023-07-07,16.78113995118886,5.209317396827001
2023-07-10,16.558239635099145,5.223144505032964
2023-07-11,16.548746345639508,5.258243567518531
2023-07-12,16.738487648542254,5.297715369431858
2023-07-13,16.902777441404083,5.342859792612106
2023-07-14,16.970495281336806,5.3375412408351695
2023-07-17,17.135003756406075,5.3573954152694
2023-07-18,17.447036699094298,5.396275849794892
2023-07-19,17.40667402990712,5.406203687954722
2023-07-20,17.121989457549578,5.372522405314528
2023-07-21,16.99381550874676,5.372404131836961
2023-07-24,17.062922267901065,5.396157576317325
2023-07-25,17.241504947326,5.4106943253886906
2023-07-26,16.97116384754347,5.411167043827601
2023-07-27,16.745786191307307,5.376186254819601
2023-07-28,17.04694787799871,5.427002923795416
2023-07-31,17.017982400482268,5.438348166329262
2023-08-01,16.988937376295173,5.423221176284134
2023-08-02,16.640280017358762,5.347468703523642
2023-08-03,16.55513611271213,5.332105917466095
2023-08-04,16.15599049921296,5.307287636216271
2023-08-07,16.06531801311159,5.354204659674595
2023-08-08,16.01372909443393,5.331750721562037
2023-08-09,15.849130026559628,5.295706222198649
2023-08-10,15.855417579293572,5.298069438921842
2023-08-11,15.812981912630644,5.2948790587983945
2023-08-14,15.961863258207773,5.323242165133009
2023-08-15,15.817219345033644,5.262970751907632
2023-08-16,15.75796539231219,5.223617598943229
2023-08-17,15.55559457798154,5.183436156164501
2023-08-18,15.568898428128696,5.184381593042321
2023-08-21,15.75901245093699,5.219362006578965
2023-08-22,15.837219894943216,5.204473065374399
2023-08-23,16.124933987101805,5.2619074170236
2023-08-24,15.738996064301348,5.191236949084912
2023-08-25,15.913545757463073,5.228344407860973
2023-08-28,16.003881257853763,5.259897894319036
2023-08-29,16.29746384499259,5.335886914034661
2023-08-30,16.470280216062243,5.35928628902504
2023-08-31,16.456182068503416,5.349832295718193
2023-09-01,16.551226723093556,5.361176787309324
2023-09-05,16.677782278400823,5.338133359165719
2023-09-06,16.346801327707492,5.301024773975586
2023-09-07,16.028375214005006,5.286370126898012
2023-09-08,16.160059733248904,5.292869911565187
2023-09-11,16.30145496285971,5.328677863973441
2023-09-12,16.013791921650675,5.299842039199916
2023-09-13,16.01803764967305,5.30480614601551
2023-09-14,16.151365246061054,5.3521966388554585
2023-09-15,15.917330847011222,5.283179371303206
2023-09-18,16.02734331015493,5.292279670591425
2023-09-19,16.06872745112307,5.280461709618669
2023-09-20,15.716568299577142,5.230471077629035
2023-09-21,15.614891144202677,5.144791517651429
2023-09-22,15.595332671460028,5.13250121371112
2023-09-25,15.66771765413724,5.153773543462082
2023-09-26,15.349031531027295,5.078350734553348
2023-09-27,15.293350543439164,5.079657374876945
2023-09-28,15.325484122502028,5.109337259261804
2023-09-29,15.399422350239789,5.098177124107134
2023-10-02,15.660112593309568,5.096396638930556
2023-10-03,15.39895493131908,5.028488889239288
2023-10-04,15.588904763324578,5.064105726726647
2023-10-05,15.65636527073553,5.061730494920019
2023-10-06,15.962580087051611,5.121208912638662
2023-10-09,16.092628533505046,5.154924738643733
2023-10-10,16.03102712867091,5.181874570789263
2023-10-11,16.19159116373652,5.203837767837757
2023-10-12,16.204092082760496,5.17261432070281
2023-10-13,16.036801263631606,5.14542756613079
2023-10-16,16.14665279468826,5.1989712835750765
2023-10-17,16.060089014891503,5.2005137199110925
2023-10-18,15.953260497584516,5.132369047793333
2023-10-19,15.964181035327869,5.085830874934581
2023-10-20,15.734675340380551,5.023265331715763
2023-10-23,15.802792663729493,5.0144804283677225
2023-10-24,15.851774987414911,5.052233322407076
2023-10-25,15.98249277035936,4.980407904573164
2023-10-26,15.485435925584223,4.920335491167184
2023-10-27,15.59248695767652,4.897778298431354
2023-10-30,15.865587574174576,4.955951953183187
2023-10-31,15.90674996337223,4.985512437676409
2023-11-01,16.243157757711995,5.040004595769374
2023-11-02,16.463364442465362,5.137118009521162
2023-11-03,16.526398234641018,5.183180835641503
2023-11-06,16.73419111716878,5.195646109234339
2023-11-07,16.948818113488123,5.209416896736699
2023-11-08,17.061504448783694,5.2136916381401885
2023-11-09,16.979980999391607,5.1743955568221045
2023-11-10,17.388530349162934,5.255361824850829
2023-11-13,17.243594166866554,5.249307724684833
2023-11-14,17.451028688301626,5.352237940704768
2023-11-15,17.48106902500443,5.363041753541308
2023-11-16,17.713807770169865,5.369688722980568
2023-11-17,17.563408038156453,5.375387251771147
2023-11-20,17.824712798615575,5.418602127645949
2023-11-21,17.683715000101465,5.40613572763904
2023-11-22,17.82790384545289,5.4266751373004425
2023-11-24,17.755690034417995,5.430711454392011
2023-11-27,17.775232402809344,5.420619535249017
2023-11-28,17.900315170390414,5.42525022349928
2023-11-29,17.761388851002856,5.422757093686441
2023-11-30,17.789763552838,5.442346185342378
2023-12-01,17.745658361939846,5.474518448597361
2023-12-04,17.53453136652261,5.447450718445622
2023-12-05,17.799913902528424,5.446263478013664
2023-12-06,17.66080846648456,5.423707411691906
2023-12-07,17.802288973025387,5.46537722293119
2023-12-08,17.946790019284087,5.489002631678697
2023-12-11,17.7599067079995,5.510372208511213
2023-12-12,17.903860251431183,5.537677236560801
2023-12-13,18.054675225846974,5.613539722428997
2023-12-14,17.86203646907253,5.631109904596435
2023-12-15,17.95046108538222,5.621611981140777
2023-12-18,17.91778848503001,5.652835803747081
2023-12-19,17.981019822018986,5.685483413740476
2023-12-20,17.820511132875502,5.6040113857933935
2023-12-21,17.88259952142535,5.660869013437696
2023-12-22,17.856999020152838,5.671716005480332
2023-12-26,17.833330067908186,5.69615168141701
2023-12-27,17.824024776603583,5.706998673459647
2023-12-28,17.872626575621915,5.709620589948058
2023-12-29,17.841800307244508,5.693291340616678
2024-01-02,17.399298358812125,5.660630589125775
2024-01-03,17.328308114123764,5.614381529212187
2024-01-04,17.15663996382462,5.597097080747695
2024-01-05,17.11821808254292,5.603772586010114
2024-01-08,17.485922358749647,5.680894027339521
2024-01-09,17.492418605828032,5.675530794471059
2024-01-10,17.706298810984574,5.707356497663203
2024-01-11,17.722403720370057,5.704257357079593
2024-01-12,17.828556474168426,5.709144116795572
2024-01-16,17.76469655843133,5.689357527205665
2024-01-17,17.701619849719233,5.657412048650524
2024-01-18,18.08222461416329,5.705925951791679
2024-01-19,18.33192596754384,5.7773263360490645
2024-01-22,18.38913138353069,5.789842673746502
2024-01-23,18.505612445768893,5.807840893261325
2024-01-24,18.56056951400294,5.812250804353464
2024-01-25,18.599862267908936,5.844673131532445
2024-01-26,18.496296468005298,5.838593874785508
2024-01-29,18.60116262725172,5.884485861438251
2024-01-30,18.402935441026205,5.880075199403399
2024-01-31,17.973367517573404,5.783524617216287
2024-02-01,18.23433511113043,5.86028898528485
2024-02-02,18.363351863696487,5.92072185119389
2024-02-05,18.31667177026112,5.900934510661269
2024-02-06,18.38818137036427,5.916907813145875
2024-02-07,18.59574207188965,5.964945618605904
2024-02-08,18.54650163031037,5.968879056545557
2024-02-09,18.73464256556554,6.003446076117752
2024-02-12,18.530418459080117,6.00022791111386
2024-02-13,18.22079365001659,5.919649880468639
2024-02-14,18.27225389382008,5.972453919338936
2024-02-15,18.189337989795145,6.011790176092257
2024-02-16,18.05796972531474,5.983182262432647
2024-02-20,17.9929746096479,5.949926013368978
2024-02-21,18.013888005350417,5.955289997180156
2024-02-22,18.333671563240163,6.079733220091116
2024-02-23,18.216539249414204,6.083190184878285
2024-02-26,18.086907071974583,6.060303703762055
2024-02-27,18.153893795843423,6.071032046855766
2024-02-28,18.103271480520032,6.063402468874308
2024-02-29,18.21236301401098,6.084501330858172
2024-03-01,18.205707293653248,6.143385752889478
2024-03-04,17.97975735440037,6.136115125525651
2024-03-05,17.457276042453284,6.074130811968019
2024-03-06,17.397470531015426,6.107030738713558
2024-03-07,17.558932112804452,6.167701653463161
2024-03-08,17.570253593213277,6.130273166676561
2024-03-11,17.623976857914016,6.127293050513233
2024-03-12,17.90126190119935,6.191184383094872
2024-03-13,17.799271274167456,6.181291463771276
2024-03-14,18.12607969705166,6.167821428826158
2024-03-15,17.89988769163913,6.117638930972915
2024-03-18,17.97240296702416,6.160787723888822
2024-03-19,18.179137281497724,6.196428591543054
2024-03-20,18.39018131517565,6.254001867594476
2024-03-21,18.148556764482866,6.27331311044597
2024-03-22,18.17597654790967,6.264943102947806
2024-03-25,17.970108102552295,6.245333360367214
2024-03-26,17.888387673621473,6.232179472304988
2024-03-27,18.050705892234383,6.286466623036838
2024-03-28,17.948718420535368,6.286587149342549
2024-04-01,17.972463564494834,6.2764235151703005
2024-04-02,17.842924281753728,6.235407024092813
2024-04-03,17.857160496788737,6.242343106477236
2024-04-04,17.75764085986619,6.165573857281028
2024-04-05,17.97403252120533,6.229906368707559
2024-04-08,17.899411013985315,6.231580970961364
2024-04-09,17.996229928438474,6.239355105415404
2024-04-10,17.836717805693773,6.178847145234893
2024-04-11,18.285224615535917,6.225124365500284
2024-04-12,18.212620239268265,6.138071331297473
2024-04-15,17.83727625308998,6.062019232393812
2024-04-16,17.70551230312316,6.050419795751037
2024-04-17,17.5763677253231,6.015264412561866
2024-04-18,17.352327791616503,6.001392998735734
2024-04-19,17.135368484802317,5.949376323301812
2024-04-22,17.218057335194285,6.004263477262716
2024-04-23,17.424004468398834,6.076608171983851
2024-04-24,17.557967783554506,6.074216043966141
2024-04-25,17.361037584784246,6.0485067691853125
2024-04-26,17.50607591423466,6.107697575844221
2024-04-29,17.605093406143183,6.12946139760196
2024-04-30,17.15144157705731,6.032004427558193
2024-05-01,17.236435750998798,6.013111459798793
2024-05-02,17.47873035036676,6.068117638179977
2024-05-03,18.169368182538125,6.144408536866916
2024-05-06,18.254667523156417,6.208383224089888
2024-05-07,18.18726098679181,6.21639428097042
2024-05-08,18.23151977705528,6.215796906040868
2024-05-09,18.35885483497986,6.249875812848502
2024-05-10,18.357013490002053,6.258606272849725
2024-05-13,18.483363987004036,6.260757723727371
2024-05-14,18.604245175703056,6.289338227977895
2024-05-15,18.883524671498076,6.367301851561851
2024-05-16,18.839506884464505,6.352355838710968
2024-05-17,18.822390854885743,6.363116847812769
2024-05-20,18.99868220519892,6.370530905235105
2024-05-21,19.147555815851508,6.386075419429611
2024-05-22,19.115114217168625,6.367899601962759
2024-05-23,18.84423033869847,6.321383957385448
2024-05-24,19.063698395032024,6.363356398538762
2024-05-28,19.067962332435112,6.368259303523105
2024-05-29,19.05464558260107,6.322699609021621
2024-05-30,18.75705914433756,6.281684244358207
2024-05-31,18.812715743516808,6.337169524191378
2024-06-03,18.857444541688132,6.341113475329037
2024-06-04,18.932888459522047,6.3504416857311705
2024-06-05,19.19218797054468,6.426494160106189
2024-06-06,19.1395205798544,6.426253858437481
2024-06-07,19.235924227446677,6.418121899779881
2024-06-10,19.155662694263,6.437255169207989
2024-06-11,19.923633163631763,6.453218709437305
2024-06-12,20.398421621701186,6.506951664445698
2024-06-13,20.465285987139115,6.520623327509717
2024-06-14,20.4072377861728,6.522903189591578
2024-06-17,20.739695716308503,6.576274190211481
2024-06-18,20.58060275327323,6.59222721724279
2024-06-20,20.350586842687576,6.571836869710257
2024-06-21,20.345379568565683,6.560683117568662
2024-06-24,20.325584302473743,6.543890536582307
2024-06-25,20.446781280844544,6.568717453673349
2024-06-26,20.67028683809396,6.578794353962048
2024-06-27,20.72627608809551,6.588389149027904
2024-06-28,20.424061494898343,6.563321930268154
2024-07-01,20.94186540875668,6.577472694784158
2024-07-02,20.85258438772259,6.619451143479188
2024-07-03,21.35907254250854,6.648477332230892
2024-07-05,21.30837851543424,6.689616226970876
2024-07-08,21.477677226011696,6.697410261406856
2024-07-09,21.591899131385777,6.703647591595241
2024-07-10,22.04287107440412,6.767454443121476
2024-07-11,21.14588861801124,6.710005072617981
2024-07-12,21.27446067127435,6.752941724216982
2024-07-15,21.216496586817293,6.771771612788347
2024-07-16,20.9396267189601,6.811950802738931
2024-07-17,20.09741091971203,6.716840904149991
2024-07-18,20.28624192727278,6.663708703313366
2024-07-19,19.94547662608685,6.620291448376952
2024-07-22,20.5514142137597,6.689016974684539
2024-07-23,20.51519431192671,6.677861720657515
2024-07-24,19.4475074333013,6.527100208424096
2024-07-25,19.041034847673327,6.492679247209911
2024-07-26,19.264130563569797,6.56524209078967
2024-07-29,19.173816420200072,6.569797309297104
2024-07-30,18.424722806831586,6.534417394236234
2024-07-31,19.438984081514487,6.636363875299899
2024-08-01,18.752990570109286,6.549168912924007
2024-08-02,18.61431613444009,6.425873130481124
2024-08-05,17.860074750236528,6.238891773760432
2024-08-06,17.872729733097035,6.298139652065659
2024-08-07,17.957377714023455,6.2546022462948905
2024-08-08,18.202879527882725,6.399488007257057
2024-08-09,18.403452598487448,6.426831333385095
2024-08-12,18.487375014494667,6.429949998479287
2024-08-13,18.809851200110423,6.536936056101373
2024-08-14,18.893221227804315,6.558283104652448
2024-08-15,19.132871333595794,6.670546036730805
2024-08-16,19.13239638506485,6.685658007921639
2024-08-19,19.19440017959354,6.747784249652351
2024-08-20,19.29464307333143,6.73771035313451
2024-08-21,19.275061858017143,6.763976076466937
2024-08-22,19.001359282785288,6.706766256689435
2024-08-23,19.128526845073846,6.77920744754941
2024-08-26,19.068857234757186,6.760018608360414
2024-08-27,19.11325802869839,6.772370865074687
2024-08-28,18.97415941148553,6.732793180238586
2024-08-29,19.17267813611669,6.7338715339769095
2024-08-30,19.22921805617893,6.797438083834436
2024-09-03,18.78820303662433,6.659631835315202
2024-09-04,18.69354921895229,6.645716866811616
2024-09-05,18.74781154780161,6.627247430743313
2024-09-06,18.530198369405007,6.517026311906253
2024-09-09,18.62454923157775,6.590186154944206
2024-09-10,18.78105103592008,6.614533970583263
2024-09-11,19.08959845782497,6.685896807704914
2024-09-12,19.1834597569746,6.742506624253362
2024-09-13,19.25266672407609,6.777049238187329
2024-09-16,19.00400172596499,6.788323892105992
2024-09-17,19.109957171721994,6.790843304913846
2024-09-18,19.17984451932052,6.7705731082156655
2024-09-19,19.708698513408585,6.886672606623479
2024-09-20,19.602929177165155,6.872280038553337
2024-09-23,19.488978414559263,6.891350979736124
2024-09-24,19.429962218773262,6.911379372880168
2024-09-25,19.4531677289371,6.8950636405176535
2024-09-26,19.484576766538016,6.924562923179626
2024-09-27,19.422123318883987,6.912040953411829
2024-09-30,19.69731039618489,6.9451530214742725
2024-10-01,19.189242372980697,6.879532643292013
2024-10-02,19.133603116763023,6.882301369081151
2024-10-03,19.07262538100256,6.869178645141584
2024-10-04,19.110377015996622,6.931546690426433
2024-10-07,18.744048908784777,6.869418946810292
2024-10-08,19.035732799384288,6.934556468826993
2024-10-09,19.25962334910537,6.981634569497621
2024-10-10,19.20167462302394,6.969353652341246
2024-10-11,19.148456449725806,7.011736859159505
2024-10-14,19.373064268965624,7.069530912369052
2024-10-15,19.473631141294376,7.0134212236686
2024-10-16,19.325712653059917,7.044606372725097
2024-10-17,19.35511670025516,7.046651940679968
2024-10-18,19.50998928121956,7.073263097661164
2024-10-21,19.58753892855906,7.062788197733667
2024-10-22,19.757401348657435,7.057248493327248
2024-10-23,19.47275882374172,6.992952778093737
2024-10-24,19.467522262914173,7.007883772090325
2024-10-25,19.580595861874585,7.006317305587439
2024-10-28,19.63098912582291,7.0273880072195
2024-10-29,19.763240271669183,7.038224861535487
2024-10-30,19.622895991084285,7.015588444343255
2024-10-31,18.85357313968751,6.877966176789125
2024-11-01,18.81515281453491,6.9078266628968725
